22	cunt
21	fuck
20	shit
18	pussy
16	twat
16	piss
16	nigger
16	cum
16	cock
15	faggot
15	bastard
15	asshole
14	prick
14	cocksucker
13	whore
13	slut
13	queer
13	fucker
13	fart
13	clit
12	spic
12	gangbang
12	fucking
12	dildo
12	blowjob
12	bitch
11	nigga
11	motherfucker
11	jizz
11	fucked
11	fag
11	dick
11	crap
11	asswipe
10	turd
10	tits
10	kike
10	homo
10	hell
10	fellatio
10	bullshit
10	boner
10	ass
9	tit
9	spunk
9	pissed
9	pecker
9	damn
9	coon
9	assholes
9	arse
8	wank
8	vagina
8	snatch
8	shitty
8	shitting
8	shits
8	shithead
8	screw
8	quim
8	pussies
8	penis
8	motherfucking
8	lesbo
8	goddamn
8	fuk
8	fucks
8	dyke
8	dickhead
8	cunts
8	cunnilingus
7	wop
7	twats
7	shitter
7	queef
7	porn
7	pisser
7	muff
7	motherfuckers
7	mothafucka
7	jism
7	honkey
7	gook
7	gay
7	fuckin
7	fuckers
7	feltch
7	dong
7	bugger
7	blow job
6	wetback
6	wanker
6	skank
6	rectum
6	phuk
6	orgasm
6	niggers
6	motherfuck
6	lesbian
6	horny
6	hardon
6	hard on
6	fudgepacker
6	farts
6	fags
6	cocksucking
6	clitoris
6	chink
6	blowjobs
6	anus
6	anal
5	sluts
5	shitted
5	shitstain
5	shiting
5	scrotum
5	schlong
5	rimjob
5	retard
5	rape
5	prostitute
5	porno
5	pissing
5	pisses
5	pissers
5	phuck
5	nazi
5	muthafucka
5	motherfucks
5	motherfucked
5	mothafucks
5	mothafucking
5	mothafuckers
5	mothafucker
5	mothafuck
5	mick
5	kunt
5	jackass
5	fuks
5	fuckup
5	felch
5	farting
5	farted
5	ejaculate
5	dumbfuck
5	dipshit
5	dink
5	darky
5	cumming
5	cocks
5	butthead
5	buttfucker
5	bitches
5	biatch
5	beastiality
5	assfuck
5	arsehole
4	yid
4	wog
4	tosser
4	titties
4	testicle
4	suck
4	spick
4	sodomy
4	smut
4	shitters
4	shithouse
4	shitfaced
4	shitface
4	shited
4	shag
4	sh!t
4	sex
4	rim job
4	puto
4	pricks
4	porchmonkey
4	porch monkey
4	pissoff
4	piss off
4	pimp
4	orgasms
4	orgasim
4	murder
4	minge
4	masturbate
4	lust
4	lezzie
4	kyke
4	kum
4	kraut
4	knob
4	kkk
4	jungle bunny
4	jizm
4	jiz
4	jerk off
4	jap
4	jack off
4	hooker
4	handjob
4	gangbangs
4	fukk
4	fuckwit
4	fuckme
4	fuckhead
4	frigging
4	fistfucker
4	fistfuck
4	fingerfucker
4	fingerfuck
4	feltching
4	fcuk
4	fatass
4	farty
4	fanny
4	fagot
4	ejaculation
4	ejaculating
4	dumbass
4	douchebag
4	douche
4	dork
4	dike
4	dickwad
4	dicks
4	darkie
4	dago
4	cuntlicker
4	cumshot
4	cums
4	crapper
4	cracker
4	cornhole
4	cocksucked
4	cocksuck
4	bunghole
4	bollocks
4	bitchin
4	bestiality
4	balls
4	ball
4	asses
3	xxx
3	wanks
3	wanking
3	wankers
3	wanked
3	vibrator
3	trick
3	titty
3	titfuck
3	sperm
3	son of a bitch
3	sixtynine
3	shiz
3	shity
3	shittings
3	shittiest
3	shitings
3	shitfull
3	shirtlifter
3	shemale
3	semen
3	satan
3	rimming
3	redneck
3	puta
3	pusy
3	pussys
3	pusse
3	pr1ck
3	pornos
3	pornography
3	poopshoot
3	poop
3	poontang
3	poofter
3	poofs
3	pocket pool
3	pissin
3	pissflaps
3	pillow biter
3	phuq
3	phuks
3	phukking
3	phukked
3	phuking
3	phuked
3	phonesex
3	peckerhead
3	pearl necklace
3	paki
3	orgy
3	orgasims
3	nooner
3	nonce
3	nipple
3	niggaz
3	niger
3	nazis
3	muthafucking
3	muthafuckers
3	muthafucker
3	mutha-fucka
3	motherfuckings
3	motherfuckin
3	mother fucker
3	mothafuckings
3	mothafuckin
3	mothafucked
3	mothafuckaz
3	mothafuckas
3	merde
3	lusting
3	lez
3	kunilingus
3	kums
3	kumming
3	kummer
3	kondums
3	kondum
3	kock
3	knockers
3	jackoff
3	hussy
3	humping
3	hotsex
3	horniest
3	hooters
3	ho
3	hardcoresex
3	gringo
3	golden shower
3	goddamnit
3	god damn
3	gaysex
3	gash
3	gangbanged
3	gang bang
3	fukkin
3	fukker
3	fukin
3	fuker
3	fudge packer
3	fucktard
3	fuckoff
3	fuckings
3	fuckface
3	fucked up
3	fuck around
3	frig
3	foreskin
3	flange
3	fistfucks
3	fistfuckings
3	fistfucking
3	fistfuckers
3	fistfucked
3	fingerfucks
3	fingerfucking
3	fingerfuckers
3	fingerfucked
3	feltcher
3	felching
3	felatio
3	feck
3	fcuking
3	fcuked
3	fckin
3	fatso
3	fartings
3	fairy
3	fagots
3	faggs
3	faggit
3	fagging
3	f.u.c.k.
3	f u c k
3	ejaculatings
3	ejaculates
3	ejaculated
3	dumb ass
3	dope
3	dinks
3	dildos
3	diddle
3	dickweed
3	dickless
3	devil
3	cyberfucking
3	cyberfuckers
3	cyberfucker
3	cyberfucked
3	cyberfuck
3	cyberfuc
3	cuntlicking
3	cuntlick
3	cunillingus
3	cummer
3	crappy
3	crabs
3	cooter
3	cocksucks
3	cocksuckers
3	cocksucka
3	cocksmoker
3	cockhead
3	cocaine
3	choad
3	carpetmuncher
3	camel toe
3	c0ck
3	butthole
3	buttfuck
3	butt-pirate
3	butt plug
3	bumhole
3	bumbandit
3	bukkake
3	breast
3	bondage
3	bollox
3	bitchy
3	bitching
3	bitchers
3	bitcher
3	bestial
3	bell end
3	beef curtains
3	beastility
3	beastial
3	beaner
3	ballsack
3	b1tch
3	assmunch
3	asslicker
3	asslick
3	asskisser
3	assclown
3	ass hole
2	zipperhead
2	yids
2	yido
2	y*d
2	y!ddo!!
2	y!ddo!
2	xxxhole
2	xrsehole
2	xrsehol
2	xrseh
2	xrse
2	wtf
2	wpww
2	woody
2	whores
2	whoar
2	whankers
2	whanker
2	wh0re
2	wetbacks
2	wet spam
2	wanke r
2	wanka
2	wank's
2	wan ker
2	wan k ers
2	wan k er
2	wa nker
2	w@nks
2	w@nkers
2	w@nker
2	w@nk
2	w4nkers!
2	w4nker!
2	w0gs
2	w0g
2	w.ank
2	w***er
2	w#nkers
2	w#nker
2	w ankers
2	w anker
2	vulva
2	vjayjay
2	virgin
2	vag
2	va-j-j
2	up the gary
2	up shit creek
2	twunts
2	twunt
2	twink
2	twattish
2	twatt
2	twa t
2	tw_t
2	tw@ts
2	tw@t
2	tw@
2	tw4t
2	tw&nbsp;at
2	tw at
2	tvvats
2	tvvat
2	turds
2	trailer trash
2	towelhead
2	towel head
2	tossurs
2	tossers
2	to55ers
2	to55er
2	tittyfuck
2	tinkle
2	thundercunt
2	threesome
2	thirdleg
2	testicles
2	terror
2	teets
2	teabagging
2	tea-bagging
2	tang
2	t0ssers
2	t0sser
2	t0$$er
2	t.wat
2	t*w*a*t
2	t&nbsp;w&nbsp;a&nbsp;t&nbsp;s
2	t&nbsp;w&nbsp;a&nbsp;t
2	t wat
2	t w a t
2	supremac
2	supernat
2	sucker
2	stupid
2	stole
2	stiffy
2	stew
2	steal
2	spunking
2	spooge
2	splooge
2	spitroast
2	spit-roasting
2	spit-roast
2	spit roasting
2	spaz.
2	spaz
2	spastic
2	spank the monkey
2	sodomite
2	slutty
2	slutbag
2	slave
2	slapper
2	slant
2	slag
2	skum
2	skeet
2	shitstabbers
2	shitstabber
2	shitlist
2	shithole
2	shitheads
2	shitfit
2	shiteater
2	shitdick
2	shitcan
2	shit stain
2	shit stabbers
2	shit stabber
2	shit out of luck
2	shit head
2	shirtlifters
2	shat
2	shagging
2	shaggers
2	sh1te
2	sh1t
2	sh!tes
2	sh!te
2	sh hit
2	sexual
2	sexpot
2	scumbag
2	scrote
2	screwing
2	scat
2	scallywag
2	sc um
2	sc u m!
2	sausage jockey
2	sandnigger
2	sand nigger
2	s1ut
2	s.hit
2	s&m
2	ritual
2	rim
2	retarded
2	ret@rd
2	renob
2	redskin
2	rectal
2	rapist
2	raping
2	raped
2	raja
2	ragheads
2	raghead
2	queers
2	queerbait
2	queen
2	pusys
2	pussylicker
2	pusies
2	punta
2	puff
2	pubic
2	pubes
2	pube
2	pu$$y
2	prostitutes
2	prik
2	pr1k
2	pr1cks!
2	pr1cks
2	pr1ck!
2	pr!ck.
2	pr!ck
2	poonany
2	poonani
2	poon tang
2	poon
2	poof
2	poo stabbers
2	poo stabber
2	ponce
2	pollock
2	polack
2	poff
2	po0f
2	playboy
2	pissed off
2	piss head
2	pisof
2	pising
2	pisin
2	pises
2	pis
2	pimmel
2	pillowbiter
2	pillow-biter
2	pikey
2	phucks
2	phucking
2	phuckin
2	phucker
2	phequing
2	pheque
2	phelching
2	phecking
2	pheck
2	phanny.
2	phanny
2	period
2	penus
2	penthouse
2	penchods
2	penchod
2	pench0ds
2	pench0d
2	peepee
2	pee
2	peckerwood
2	peado
2	panties
2	panooch
2	pakis
2	pak1
2	p@kis
2	p@ki
2	p0of
2	p00fters
2	p00fter
2	p00fs
2	p00f
2	p.iss-flaps
2	p*ki
2	p**i
2	oral
2	nympho
2	nutsack
2	nut sack
2	nude
2	nooky
2	nookie
2	nobhead
2	nob&nbsp;head
2	nignog
2	niglet
2	niggerz
2	niggah
2	niga
2	nig-nog
2	nig nog
2	negro
2	mutherfucker
2	muthafukas
2	muthafucks
2	muthafuck@
2	muthafuck
2	muthafuccer
2	muthaf**ks
2	muthaf**king
2	muthaf**kers
2	muthaf**ker
2	muthaf**k
2	muth@fucker
2	muffs
2	muffdiver
2	muffdive
2	muff-diving
2	muff-diver
2	muff diver
2	mthafukcas
2	mthafukca
2	mthafuckas
2	mthafucka
2	mthafuccas
2	mthafucca
2	mthaf**ka
2	motherfukkker
2	motherfuccers
2	motherfuccer
2	motherf**kers
2	motherf**ker
2	motherf**ked
2	mother f---ers
2	mothafuccer
2	mothaf**ks
2	mothaf**king
2	mothaf**kers
2	mothaf**ker
2	mothaf**k
2	motha-fucka
2	moterfucks
2	moterfucking
2	moterfuckers
2	moterfucker
2	moterfuck
2	moterfuccer
2	moterf**ker
2	molest
2	mohterfuks
2	mohterfuking
2	mohterfukcers
2	mohterfukcer
2	mohterfuk
2	mohterfucks
2	mohterfucking
2	mohterfuckers
2	mohterfucker
2	mohterfuck
2	mohterfuccers
2	mohterfuccer
2	mohterf*kcer
2	mohterf**kers
2	mohterf**ker
2	mofukcer
2	mofucking
2	mofuckers
2	mofucker
2	mofuccer
2	mof**kers
2	mof**ker
2	meatrack
2	masturbation
2	masturbating
2	mary jane
2	m1nge
2	m.otherf.ucker
2	m.inge
2	lucifer
2	love juice
2	lmfao
2	lmfa0
2	lick
2	libido
2	lezzo
2	labia
2	l.m.f.a.o.
2	l.m.f.a.o
2	l m f a o
2	kumer
2	kuksuger
2	kuk
2	kootch
2	kooch
2	knobhead
2	knobber
2	knob&nbsp;head
2	kn0b
2	klux
2	klan
2	kiss ass
2	kill
2	kiddie-fiddling
2	kiddie-fiddler
2	kiddie fiddling
2	kiddie fiddler
2	khunt
2	kants
2	kafr
2	kafirs
2	kafir
2	kaffirs
2	kaffir
2	kaff1r
2	kaf1r
2	k@firs
2	k@fir
2	k@ffirs
2	k@ffir
2	k**t
2	jungle fever
2	jugs
2	john
2	jizzum
2	jigaboo
2	jewed
2	jesus h christ
2	jerk-off
2	jerk
2	jackshit
2	ities
2	intercourse
2	idiot
2	hvns
2	hustler
2	hump
2	hummer
2	horney
2	hore
2	hookers
2	honkers
2	homosexual
2	hole
2	hodgie
2	hitler
2	heroin
2	head
2	have
2	hate
2	hand job
2	h0r
2	h0mo
2	h0m0
2	gyppos
2	gyppo
2	gypos
2	gypo
2	gummer
2	guido
2	groe
2	gooch
2	god
2	glory hole
2	girlie-gardening
2	gimp
2	get laid
2	get it on
2	genitalia
2	gaywad
2	gaytard
2	gayhole
2	gangbanger
2	gang-bang
2	fück
2	fûck
2	fúck
2	fùck
2	fvckwit
2	fvckw1t
2	fvckup
2	fvck-up
2	fvck
2	fuukn
2	furburger
2	fukking
2	fukked
2	fuking
2	fuked
2	fukced
2	fudgpacker
2	fudgep@cker
2	fudge-packer
2	fudge-p@cker
2	fudge p@cker
2	fucwit
2	fucw1t
2	fuckwad
2	fuckw1t
2	fuckstick
2	fuckk
2	fuckinghell
2	fucki&nbsp;ng
2	fuckhole
2	fucke&nbsp;d
2	fuckbag
2	fuckass
2	fucka
2	fuck-wit
2	fuck&nbsp;ing
2	fuck&nbsp;ed
2	fuck up
2	fuck off
2	fuc&nbsp;king
2	fuc&nbsp;ker
2	fuc&nbsp;ked
2	fuc
2	fu^king
2	fu^ker
2	fu^k
2	fu@ker
2	fu@k
2	fu<ks
2	fu<kr
2	fu<kker
2	fu<king
2	fu<kin
2	fu<ker
2	fu<ked
2	fu<k
2	fu< kin
2	fu.ck
2	fu*k
2	fu(kers
2	fu(ker
2	fu(k
2	fu&nbsp;cking
2	fu&nbsp;cker
2	fu&nbsp;cked
2	fu&nbsp;ck
2	fu&king
2	fu&kin
2	fu <k
2	friging
2	frigin
2	french kiss
2	fraud
2	fooking
2	fookin'
2	fookin
2	fooker
2	fooked
2	fookd
2	fook
2	foad
2	fo0ked
2	fking
2	fkin
2	fisting
2	fist fuck
2	finger fuck
2	ficken
2	fellate
2	felched
2	fekking
2	feg
2	fecking
2	feckin
2	feces
2	fcuks
2	fcukin
2	fcuker
2	fckwit
2	fckw1t
2	fcks
2	fcking
2	fckeud
2	fck1ng
2	fck&nbsp;ing
2	fck
2	fc*king
2	fagtard
2	fagits
2	faggoty
2	faggits
2	fagg0t
2	fagbag
2	facking
2	fackin
2	fack
2	f__king
2	f__kin
2	f^cking
2	f^cker
2	f^ck
2	f^^king
2	f^^ker
2	f^^ked
2	f^^k
2	f[_]cking
2	f[_]cker
2	f@gs
2	f@g
2	f@ck
2	f@@@ing
2	f@@@in
2	f>>k
2	f<uk
2	f0oked
2	f00ked
2	f00k
2	f.uck
2	f.o.a.d.
2	f.o.a.d
2	f-uck
2	f-u-<-k
2	f-o-a-d
2	f--k
2	f---ing
2	f---ed
2	f-----g
2	f*uk
2	f*uck
2	f*ks
2	f*ker
2	f*ked
2	f*ckin
2	f*ck
2	f*c*
2	f**ks
2	f**king
2	f**kin
2	f**ker
2	f**ked
2	f**k
2	f***ing
2	f***in
2	f***ed
2	f****d
2	f*****g
2	f******
2	f*****
2	f***
2	f*&k!ng
2	f*&k
2	f*#kin'
2	f()()king
2	f()()ker
2	f()()k
2	f'ck
2	f&nbsp;ucking
2	f&nbsp;ucker
2	f&nbsp;uck
2	f&nbsp;u&nbsp;c&nbsp;k
2	f&nbsp;cked
2	f$cks
2	f#cked
2	f##king
2	f##k
2	f###
2	f uck
2	f uc king
2	f uc k
2	f u c ked
2	f off
2	f o a d
2	f ck
2	evil
2	ethnics
2	enculer
2	dxxkhead
2	dumbshit
2	dumbfucker
2	dumass
2	drunk
2	druid
2	drugs
2	drug
2	drag queen
2	dookie
2	doggiestyle
2	dipstick
2	dingleberry
2	dickwod
2	dicksucker
2	dicklicker
2	dicklick
2	dicking
2	dickhole
2	dicked
2	dick&nbsp;head
2	dick head
2	demon
2	deggo
2	d1ckh@ed
2	d1ck!
2	d1ck
2	d**khead
2	cvnts
2	cvnt
2	cut
2	cunting
2	cunt's
2	cunilingus
2	cumjockey
2	cumbubble
2	cu*t
2	cu&nbsp;nts
2	cu&nbsp;nt
2	crotch
2	cripple
2	cretin
2	craps
2	crapping
2	crappers
2	crapped
2	crack
2	cosmic
2	condom
2	coke
2	cojones
2	cocksuckers.
2	cocksmith
2	cockmuncher
2	cockmaster
2	cockfucker
2	cockface
2	cockbite
2	cock-sucker
2	cock sucker
2	coc&nbsp;k
2	co(k
2	cnuts
2	cnut
2	closet
2	clitty
2	clits
2	clap
2	circle jerk
2	chuck
2	christacrutchian
2	chode
2	chinc
2	cazzo
2	cawk
2	carpet muncher
2	cannabis
2	cameltoe
2	cahnts
2	cahnt
2	cabron
2	c_u_n_t
2	c0cksucker
2	c0cksucka
2	c00n
2	c.untyb.ollocks
2	c.unt
2	c.u.n.t
2	c-u-n-t
2	c*nt
2	c**ts
2	c**t's
2	c**t
2	c**k
2	c***s
2	c&nbsp;u&nbsp;n&nbsp;t
2	c#nt
2	c u n t.
2	c u n t
2	buttwipe
2	buttplug
2	buttfucka
2	buttface
2	butt fucker
2	butt
2	butch
2	buns
2	bumhol3
2	bumh0le
2	bumh0l3
2	bumblefuck
2	bum-bandit
2	bum hole
2	bum bandit
2	bum
2	bullshitting
2	bullshitted
2	bullshits
2	bull shit
2	bull dyke
2	buggery
2	brotherfucker
2	boothas
2	bootha
2	boobs
2	boobies
2	boob
2	boning
2	boners
2	bone
2	bomb
2	bolox
2	bolocks
2	boll0cks
2	bo11ocks
2	bo****ks
2	blow your wad
2	bisexual
2	bin-dippers
2	bin dippers
2	bigdick
2	big bitch
2	bi
2	bellend
2	bell.end
2	bell-end
2	belend
2	beaver
2	beat off
2	bazooms
2	batty&nbsp;boy
2	batty&nbsp;boi
2	basterd
2	bastards
2	bang
2	bampot
2	b@st@rds
2	b@st@rd
2	b3llend
2	b0llocks
2	b0ll0cks
2	b00thas
2	b00tha
2	b.ugger
2	b.ollocks
2	b.astard
2	b*ll*cks
2	azzhole
2	astrolog
2	astral
2	asspirate
2	assmuncher
2	assmonkey
2	asskiss
2	assjacker
2	asshopper
2	asshead
2	asshat
2	assh0les
2	assh0le
2	assfucker
2	assface
2	asscock
2	assbanger
2	assbandit
2	assbag
2	assault
2	ass lick
2	ass h0le
2	ashole
2	arsholes
2	arshole
2	arsh0le
2	arsewipe
2	arseholes
2	arsehol
2	arseho
2	arseh0les
2	arseh0le
2	arse hole
2	arse bandit
2	ars3
2	ar5h0les
2	ar5h0le
2	ar$holes
2	ar$hole
2	ar$ehole
2	a.rse
2	a+*hole
2	a$$holes
2	a$$hole$
2	a$$hole
2	[unt
2	@unt
2	@rsehol
2	@rse
2	<vnts
2	<vnt
2	<unt's
2	<unt
2	<u*t
2	<u&nbsp;nts
2	<u&nbsp;nt
2	<oon
2	<o<ksu<ker
2	<o<ksu<ka
2	<o<&nbsp;k
2	<o(k
2	<nuts
2	<lothhead
2	<loth head
2	<.unt
2	<*nt
2	<**ts
2	<**t's
2	<**t
2	<***s
2	< unt
2	.f uc k
2	(ock
1	ƒuck
1	ß0ll0çk5
1	{unt
1	zwaan
1	zurrar
1	zurramato
1	zorrero
1	zoomin
1	zombie
1	zodiac
1	zoccola
1	zavi
1	zachariah bishop
1	zabourah
1	your mum
1	your mam
1	you're a retard.
1	you're a retard!
1	you're a retard
1	you prick!
1	you prick
1	you are a retard.
1	you are a retard!
1	you are a retard
1	yidds
1	yidd
1	yhwh
1	yhvh
1	yerba
1	yellowman
1	yellow man
1	yed
1	yasser
1	yang
1	yahweh
1	yada
1	ya prick
1	y1dd
1	xpert eleven
1	xiii
1	x-rated
1	x rated
1	www.yesitshelpful.com
1	www.xperteleven.com
1	www.twolu.com
1	www.thesillypoint.com/forum
1	www.thesillypoint.com
1	www.themalealliance.info.
1	www.themalealliance.info
1	www.scrum-5.co.uk
1	www.nonstopsoccer.proboards83.com
1	www.myspace.com/deepakpakpak
1	www.myspace.com/clubtipsyuk
1	www.myspace.co.uk
1	www.iwantfreebets.com
1	www.girliegardening.com
1	www.footballstreaming.info
1	www.footballstreaming
1	www.footballonsat.com/
1	www.communities.com/
1	www.communities.com
1	wuutang
1	wuss
1	wpns
1	wound
1	wordhole
1	wops
1	woodzone.myminicity.com/
1	woodzone.myminicity.com
1	woodmeal
1	wogs
1	wobbly pop
1	wlpa
1	wizzer
1	wixen
1	witch
1	wiseass
1	wipe
1	win cash prizes
1	williewanker
1	willie wanker
1	willie
1	wigger
1	wiese
1	wicked pisser
1	wicked
1	wichser
1	wichsen
1	wicca
1	whorehouse
1	whorefucker
1	whoreface
1	whorebag
1	whore house
1	whore fucker
1	whiz
1	whities
1	whiteys
1	whitetrash
1	whitepower
1	white trash
1	white swallow
1	white stuff
1	white powder
1	whiskydick
1	whisky dick
1	whiskeydick
1	whiskey dick
1	whiskey
1	whilst
1	whatthefuck
1	whanking
1	whacker
1	whack off
1	whack
1	wetspot
1	wetfart
1	wetback*
1	wet spot
1	wet exit
1	wengers-secret-room.tk
1	weewee
1	weenie
1	weapon
1	wcotc.org
1	wcotc.com
1	wcotc
1	waysted
1	wax the dolphin
1	water sports
1	wasted
1	war
1	wankas
1	wank*
1	wang
1	wan-kers
1	wan--ers
1	wan**r
1	wad
1	w@nkstain
1	w@nking
1	w@@@ers
1	w0p
1	w*nkers
1	w*nker
1	w**kers
1	w******
1	w#*k
1	w##kers
1	w a n k e r c u n t s
1	w a n k e r
1	w a n k a
1	vögeln
1	vullva
1	vulgar
1	vous
1	voodoo
1	vittu
1	virus
1	virginbreaker
1	virgin breaker
1	viole
1	vigilante
1	victim
1	vibrater
1	veuve
1	vertical bacon sandwich
1	vergallo
1	vergallito
1	verga
1	vengence
1	venereal
1	veda
1	vd
1	vascillate
1	vangare
1	vandal
1	vampyric
1	vampire
1	vallium
1	vajina
1	vaj1na
1	vaginal blood fart
1	vaginal
1	vagiina
1	vag1na
1	vaffanculo
1	va1jina
1	uterus
1	usage
1	urine
1	urination
1	urinate
1	upthebutt
1	uptheass
1	upskirt
1	up yours
1	up the butt
1	up the ass
1	unionist
1	unfuckable
1	unclefucker
1	ugly
1	uao
1	tw~t
1	twobitwhore
1	two on one
1	two bit whore
1	twaty
1	twatwaffle
1	twatlips
1	twank
1	twangers
1	tw>t
1	tw8ts
1	tw8t
1	tw-kent.myminicity.com/
1	tw*t
1	tw&t
1	tw#t
1	tw a t.
1	tw a t
1	tvants.com
1	tvants dot com
1	tutelage
1	turlute
1	turdhead
1	turd burglar
1	tunneloflove
1	tunnel of love
1	tulle
1	tubs
1	trots
1	trophy centre.
1	trophy centre
1	trojan
1	trisexual
1	trique
1	trippingtrippin
1	triplex
1	triple x
1	tringler
1	tringle
1	triiodide
1	trickle
1	tribadist
1	tri sexual
1	treason
1	tranx
1	transmut
1	tranquilli
1	tramp
1	traitor
1	trailertrash
1	tounge thrust
1	tounge baller
1	toung thruster
1	tosser,
1	toss my salad
1	torture
1	tortur
1	tortillera
1	torrjucka
1	torkom
1	tooters
1	tool
1	tonguetramp
1	tonguethrust
1	tongue tramp
1	tongue thruster
1	tongue
1	tongethruster
1	tomming
1	tommed
1	tokjucka
1	toilet bowl
1	toilet
1	toggaf
1	to**er
1	to$$ers
1	to swain
1	to dog
1	tnuc
1	titty fuck
1	tittie
1	tittes
1	titt*
1	titlover
1	titlicker
1	titjob
1	titfuckin
1	titfucker
1	titbitnipply
1	tit lover
1	tit licker
1	tit job
1	tit in a wringer
1	tit fuckin
1	tit fucker
1	tit fuck
1	tit bit nipply
1	tincture
1	tims
1	throw a game
1	threeway woman
1	three some
1	thirdeye
1	third leg
1	third eye
1	thiosulfate
1	thick
1	thesillypoint.com/forum/
1	thesillypoint.com
1	thermite
1	theophilus
1	thelemic
1	theft
1	the shit hit the fan
1	the dogs bollocks
1	tetrooxide
1	tetranitrate
1	tetramine
1	tetragram
1	tetrachloride
1	teta
1	testicle*
1	tempero
1	temper0
1	temaz
1	telesis
1	teabag
1	tea room
1	tea bagging
1	tard
1	tar baby
1	tapette
1	tante
1	tanates
1	tana
1	tampon
1	taking coke
1	takes it up the
1	take it up the
1	take a shit
1	take a piss
1	take a dump
1	take a crap
1	tajarse
1	taint
1	taigs.
1	taigs
1	taconera
1	tackern
1	ta rt
1	t0ss3rs
1	t0ss3r
1	t055er
1	t-wat
1	t-w-a-t.
1	t*sser
1	t**t
1	t!ts
1	syphilis
1	syda
1	swp
1	swinging dicks
1	swingin dixx
1	swingers
1	swing dixx
1	swign dixx
1	sweetness
1	sweet fucking jesus
1	sweet fa
1	swedish
1	swastika
1	swalow
1	swallower
1	swallow
1	svea
1	surviv
1	sur-fjas
1	supine
1	superstit
1	superprick
1	sulph
1	sulfur
1	sulfide
1	sulferic
1	sulfate
1	suka
1	suing
1	suicide
1	suicid
1	sugarstick
1	suffocate
1	suckster
1	suckoff
1	suckmytit
1	suckmydick
1	suckmycock
1	suckmyass
1	suckme
1	suckdick
1	suckcock
1	suck-my-cock
1	suck-cock
1	suck off
1	suck my tit
1	suck my dick
1	suck my balls!!
1	suck my balls!
1	suck my balls
1	suck my ass
1	suck me
1	suck dick
1	suck a fatty
1	subpoena
1	subba
1	stötarröv
1	stupidfucker
1	stupidfuck
1	stupid fucker
1	stupid fuck
1	stump
1	stuff
1	stud
1	strumpa
1	stronzo
1	stronzata
1	strontium
1	strollop
1	stroking
1	stroke
1	stripclub
1	strip club
1	stringer
1	strapon
1	strap on
1	stormfront.org
1	stomper
1	stolen
1	stjärthål
1	stink
1	stimula
1	sticchio
1	stfu
1	steroid
1	sterno
1	stephanic
1	stealing
1	stalk
1	stagg
1	stadskanaal-1.myminicity.com
1	stab
1	squirt n spurt
1	squirt
1	squaws
1	squaw
1	spännbög
1	sprutluder
1	spread
1	spray mount
1	spoon
1	spompinare
1	splittail
1	split tial
1	split tail
1	spliff
1	spitter
1	spit-roasts
1	spit
1	spirit
1	spill
1	spiks
1	spik
1	spierdalaj
1	spics
1	spicks
1	sphincter
1	sphencter
1	spew
1	spermherder
1	spermhearder
1	spermbag
1	spermacide
1	sperm herder
1	sperm hearder
1	sperm burper
1	sperm bag
1	spectate
1	spear chunker
1	spartacist
1	spankthemonkey
1	spake
1	spagnola
1	spackle
1	soulcraft
1	sorcerer
1	sorca
1	sophocles
1	sonofbitch
1	sonofabitch
1	sonofa
1	solidox
1	solidif
1	soldier
1	softcore
1	sodom
1	sodium
1	sod off
1	socmel
1	soccia
1	soccer live2
1	sob
1	snuff
1	snout
1	snot
1	snorting coke
1	snort
1	snorkel
1	snoppfälla
1	snopp
1	sniper
1	sniff
1	snicker
1	snatchpatch
1	snatch patch
1	snarf
1	snack
1	smuggle
1	smother
1	smoke
1	smegma
1	smeg
1	smart ass
1	smagma
1	smackthemonkey
1	smack the monkey
1	smack daddy
1	smack
1	slyna
1	slutwhore
1	slutwear
1	slutting
1	slutt
1	slut whore
1	slut wear
1	slit
1	slimebucket
1	slimeball
1	slime bucket
1	slime ball
1	slime
1	slideitin
1	slide it in
1	sleezeball
1	sleezebag
1	sleeze ball
1	sleeze bag
1	sleazy
1	sleaze
1	slavedriver
1	slave driver
1	slaughter
1	slatcha
1	slat
1	slanthead
1	slanteyes
1	slanteye
1	slant eye
1	slanderyou2.blogspot.com
1	sl uts
1	skurwysyn
1	skunk
1	skumbag
1	skum bag
1	skullfuck
1	skull fuck
1	skull
1	skribz
1	skrew
1	skitpackare
1	skinhead
1	skinflute
1	skin flute
1	skimos
1	skimo
1	skankywhore
1	skankybitch
1	skanky whore
1	skanky bitch
1	skanky
1	skankwhore
1	skankfuck
1	skankbitch
1	skank whore
1	skank fuck
1	skank bitch
1	sixty9
1	sixty-nine
1	sixty nine
1	sixty 9
1	sixsixsix
1	six six six
1	sister
1	sissy
1	sisson
1	sinn fein's
1	sinn fein
1	silicate
1	silencer
1	sidorov
1	siddha
1	shyte
1	shut the f up
1	shtup
1	shroud
1	shrine
1	shrapnel
1	showtime
1	shot
1	shortfuck
1	short fuck
1	shoplift
1	shootoff
1	shoot ones wad
1	shoot ones load
1	shoot off
1	shoot
1	shkotzim
1	shiznit
1	shittier
1	shitspitter
1	shitpacking
1	shitpackers
1	shitpacker
1	shitpacka
1	shitoutofluck
1	shithappens
1	shithapens
1	shitfucker
1	shitfuck
1	shitforbrains
1	shitey
1	shites
1	shiters
1	shiter
1	shite
1	shitcunt
1	shitbreath
1	shitbrains
1	shitbagger
1	shitbag
1	shitass
1	shit_head
1	shit_eater
1	shit\s*eater
1	shit4brains
1	shit-head
1	shit-eater
1	shit on a shingle
1	shit happens
1	shit fucker
1	shit fuck
1	shit for brains
1	shit face
1	shit eater
1	shit dick
1	shirt-lifters
1	shirt-lifter
1	shipal
1	shikses
1	shikse
1	shiksas
1	shiksa
1	shicksas
1	shicksa
1	shi+
1	sheman
1	sheister
1	shegetz
1	sheetheads
1	sheethead
1	sheet heads
1	sheet head
1	sheepshaggers
1	sheeplover
1	sheepl0vers
1	sheepl0ver
1	sheep-shaggers
1	sheep-lovers
1	sheep-lover
1	sheep-l0vers
1	sheep-l0ver
1	sheep shaggers
1	sheep lovers
1	sheep lover
1	sheep l0vers
1	sheep l0ver
1	sheep
1	sheenies
1	sheenie
1	sheeneys
1	sheeney
1	sheboy
1	shawtypimp
1	sharmute
1	sharmuta
1	shagstress
1	shags
1	shaggin
1	shagger
1	shagged
1	shagbucket
1	shady dealings
1	shady backroom dealings
1	sh1theads
1	sh1thead
1	sh1't
1	sh*theads
1	sh*thead
1	sh*t
1	sh***ng
1	sh* te
1	sh&te
1	sh!+
1	sexymoma
1	sexy-slim
1	sexy slim
1	sexy moma
1	sexy bitch
1	sexy biatch
1	sexy
1	sexwhore
1	sextoys
1	sextoy
1	sextogo
1	sexslave
1	sexkitten
1	sexhouse
1	sexhound
1	sexfarm
1	sex*
1	sex whore
1	sex toys
1	sex toy
1	sex to go
1	sex slave
1	sex pot
1	sex kitten
1	sex house
1	sex hound
1	sex fighter
1	sex fight
1	sex farm
1	serpent
1	serin
1	selling coke
1	sekkies
1	seize
1	seich
1	sedona
1	sedative
1	sect
1	secret
1	seckel
1	scüm
1	scumm!
1	scumm
1	scumchester
1	scumber
1	scumbags
1	scum
1	scu/\/\
1	screwyou
1	screws
1	screwed
1	screw you
1	scopata
1	scopare
1	schällä
1	schysse
1	schyssdrägg
1	schyss
1	schwul
1	schnägg
1	schneier
1	schneerson
1	schmuck
1	schmegma
1	schlampe
1	schism
1	scheiss*
1	schaffer
1	scank
1	scamizdat
1	sc*m
1	sbrodolata
1	sborrone
1	sborrata
1	sborra
1	sativa
1	satir
1	sarcophagus
1	sappho
1	sapphira
1	santeria
1	sandm
1	sanctuar
1	samckdaddy
1	samadhi
1	saltpeter
1	salope
1	sahaja
1	sadomasochistic
1	sadomasochism
1	sado-masochistic
1	sadist
1	sadism
1	sacristy
1	sacrific
1	sabotage
1	sabbat
1	s- c-v-m
1	s*um
1	s**te
1	s**m
1	s****.
1	s(um
1	s&um
1	s and m
1	rövhål
1	röv
1	räpa
1	ruski
1	runka
1	runaway
1	rumpshaker
1	ruletera
1	rulacho
1	rul
1	rub
1	rosado
1	rootle
1	rocket
1	robbery
1	robber
1	roach
1	riser
1	rimadonna
1	rikki
1	rifle
1	riding the porcelain bus
1	rictus
1	rice queen
1	ribbed
1	rhyton
1	rhyta
1	revolu
1	revolt
1	retozona
1	retarded.
1	retaliate
1	resurrection
1	residue
1	resbalon
1	rentafuck
1	rent a fuck
1	rensselaer
1	renegade
1	reincarnation
1	register today
1	regime
1	reestie
1	reefer
1	redskins
1	rednecks
1	redlight
1	red wings
1	red tide
1	red light
1	recoil
1	recivid
1	receptacle
1	rebel
1	rearentry
1	rearend
1	rear entry
1	rear end
1	re-register
1	razor
1	raves
1	raver
1	rautenberg
1	rapists
1	rapings
1	rapes
1	ranch
1	ramp
1	ram
1	rajneesh
1	rainbow kiss
1	rahowa
1	rag week
1	rae carruth
1	rack
1	racist
1	racis
1	racial
1	racehorseheros.myfreeforum.org/about900.html
1	r3tarded
1	r3tard
1	qweir
1	qweerz
1	qweers
1	qweef
1	qveer
1	quimsteak
1	quims
1	quim.
1	quim nuts
1	quilombo
1	quickie
1	quiahua
1	queve
1	querfotze
1	queerz
1	queerhole
1	queef*
1	quebrachon
1	quebracho
1	quaglia
1	quad
1	qahbeh
1	pédé
1	pédale
1	pyrotechnic
1	pyromaniac
1	pyrodex
1	pyrex
1	pwt
1	pwick.
1	pwick
1	putty
1	puttana
1	putt pirate
1	pute
1	putang
1	putain
1	pussysucking
1	pussysucker
1	pussysucka
1	pussysuck
1	pussypounder
1	pussylover
1	pussylips
1	pussylicking
1	pussylicka
1	pussyfucker
1	pussyeater
1	pussycat
1	pussy_ass
1	pussy\s*ass
1	pussy-ass
1	pussy pounder
1	pussy lover
1	pussy lips
1	pussy licker
1	pussy fucker
1	pussy eater
1	pussy cat
1	pussee
1	purinapricness
1	purina princess
1	purifica
1	puny
1	puntang
1	punkass
1	punk-ass
1	punk
1	punany
1	punanny
1	pun tang
1	pull the pin
1	pull ones pud
1	pule
1	pula
1	puke
1	puffs.
1	puffs
1	pudern
1	puderdose
1	puddboy
1	pudd boy
1	pudd
1	pudboy
1	pud boy
1	pud
1	pucker
1	pubiclice
1	pubic lice
1	pu55y
1	ptsd
1	psychedelic
1	pseudoephedrine
1	prïck
1	prozzies
1	prostitutional
1	prostitution
1	prostituting
1	prostituted
1	prossies
1	prophe
1	propellant
1	propane
1	propaganda
1	pronk
1	prong
1	projectile
1	prohibited
1	proctor
1	proboards83.com
1	proboards83
1	private
1	privacy
1	prison
1	prince phillip
1	prince philip
1	primetime
1	primer
1	prickhead
1	prick head
1	premeditat
1	premature
1	prejudice
1	preggers
1	precipitat
1	praxeas
1	pr1ks
1	pr1c
1	pr0n
1	pr*ck?
1	pr*ck.
1	pr*ck
1	pr*(k.
1	pr*(k
1	pr ick
1	pousse-crotte
1	pouffiasse
1	pouch
1	potassium
1	pot
1	postal
1	pornprincess
1	pornking
1	pornflick
1	porn princess
1	porn king
1	porn flick
1	pork
1	porca
1	popr
1	popishly
1	popish
1	popimp
1	popery
1	poperies
1	pooves
1	poove
1	poorwhitetrash
1	poor white trash or pwt
1	poor white trash
1	pooperscooper
1	pooper
1	poop chute
1	poontsee
1	poofy
1	poofters
1	pooftahs
1	pooftah
1	pony
1	ponces!
1	poms
1	pompino
1	pompa
1	pommy
1	pommies
1	pommie
1	pom
1	poll smoker
1	polesmoker
1	polak
1	polac
1	poke
1	poison
1	pocketpool
1	plutonium
1	plunder
1	plump
1	plug
1	plow
1	playgirl
1	play pes 2008
1	play girl
1	play boy
1	plastique
1	plastic fan!
1	plastic fan
1	plastic
1	pl$$
1	pkhs
1	pizda
1	pix
1	pitho
1	pitch a tent in your shorts
1	pissy
1	pisstake
1	pisshead
1	pissed to the gills
1	piss-take
1	piss*
1	piss up a storm
1	piss flappers
1	piss ant
1	pis5
1	pirla
1	pirate
1	pippa
1	pipeb
1	pinga
1	pinche
1	pinch one off
1	pimpsimp
1	pimps
1	pimpjuice
1	pimpjuic
1	pimpis
1	pimper
1	pimped
1	pimp simp
1	pillu*
1	pills
1	pillar
1	pile
1	pilaf
1	pijo
1	pija
1	pierdol*
1	piece of ass
1	piece
1	picric
1	picrate
1	picka
1	pi$$ed
1	phylakopi
1	phuque
1	phungky
1	phukker
1	phuker
1	phuc
1	phque
1	phosphor
1	phookin
1	phillip the greek
1	philip the greek
1	phenylpropan
1	phenol
1	phenobarbit
1	pharmaceut
1	phalanges
1	phaistos
1	pflaume
1	petsopha
1	petn
1	petite morte
1	petit mort
1	pethidine
1	pester
1	pervs
1	perverts
1	perverte
1	pervert
1	perv.
1	perv
1	perturb
1	perse
1	perryman
1	peroxide
1	permanganate
1	perchloric
1	perchlorate
1	penuus
1	pentolite
1	pentile
1	pentacle
1	penispuffer
1	penisfucker
1	penetration
1	penetrate
1	pendejo
1	penas
1	pen1s
1	pelotudo
1	peinus
1	peepshpw
1	peepshow
1	peep show
1	peenus
1	peeing
1	peedos
1	peedophiles
1	peedophile
1	peedofiles
1	peedofile
1	peedo
1	peed
1	pedophilia
1	pedophil
1	pedo
1	pede
1	pecorina
1	pecker tracks
1	pecker cheese
1	pearlnecklace
1	peadofiles
1	peadofile
1	patroklos
1	patonza
1	patacca
1	pat lampards
1	pat lampard's
1	paska*
1	paranormal
1	parano
1	paramahansa
1	papists
1	papistry
1	papistries
1	papistic
1	papist
1	papal
1	pantheons
1	pantheistic
1	palladium
1	pajero
1	pain in the ass
1	paginate
1	pagan
1	paedos
1	paedophiles
1	paedophile
1	paedophil
1	paedo
1	paddy
1	p88f!
1	p88f
1	p155
1	p*ss
1	p***es
1	p*$$
1	p!ss
1	p i m p
1	oxid
1	oxalate
1	ouija
1	oui
1	ou812
1	orospu
1	orlando
1	orifice
1	orgasum
1	orafis
1	oppressive
1	opium
1	opiate
1	onus
1	ontherag
1	ones tits on
1	ones tits in a knot
1	onanism
1	on the rag
1	on the blob
1	omfg
1	old fart
1	oignon
1	oicu812
1	oh shit
1	ogrish.com
1	ofays
1	ofay
1	ochsen
1	occult
1	nutfucker
1	nut fucker
1	nut
1	nugget
1	nudist
1	nudger
1	ntini77
1	ntini
1	noune
1	notch
1	noonan
1	nookies
1	nookey
1	noogies
1	nonstopsoccer.proboards83.com
1	nonce.
1	nofuckingway
1	nob
1	no sex
1	no fucking way
1	nityanada
1	nittit
1	nitro
1	nitrite
1	nitric
1	nitrat
1	nitchies
1	nitchie
1	nit tit
1	nirvana
1	nirou
1	nipplering
1	nipple ring
1	ninfo
1	nihilist
1	nigguh
1	niggerlover
1	nigger*
1	niggardly
1	niggalover
1	niggahlover
1	nig
1	nida
1	nichiren
1	ni66erz
1	ni66er
1	ni65ers
1	ni65er
1	ni56erz
1	ni56ers
1	ni56er
1	ni55erz
1	ni55ers
1	ni55er
1	nfg
1	nextgenpes.proboards56.com
1	nevill
1	neurolog
1	nestlecock
1	nerthus
1	nerd
1	nerchia
1	nepesaurio
1	neopalatial
1	neon deon
1	nellie
1	neggars
1	needle
1	neds
1	necromancy
1	nebadon
1	ndraiocht
1	nazist
1	nazism
1	naziism
1	naz22.myminicity.com/
1	naz22.myminicity.com
1	nastywhore
1	nastyslut
1	nastyho
1	nastybitch
1	nasty whore
1	nasty slut
1	nasty ho
1	nasty bitch
1	nastt
1	narcotics
1	napalm
1	nancy
1	nancies
1	nances
1	nance
1	naked
1	naff
1	naawp
1	n1gr
1	n1ggers
1	n1gger
1	n0b
1	myung
1	myth
1	mystic
1	myster
1	mycenaean
1	mutta
1	mutilate
1	mutherfuka
1	mutherfucking
1	mutherfuckers
1	muther-fucking
1	muther-fuckers
1	muther-fucker
1	mutha-fucking
1	mutha-fuckers
1	mutha-fucker
1	mutha fucker
1	mussa
1	mushroom
1	muschi
1	mus
1	murrda
1	muriatic
1	murdering
1	murdered
1	munitions
1	munging
1	muncher
1	mulkku
1	muladi
1	muie
1	mugir
1	mufflikcer
1	muffindiver
1	muffin diver
1	muff licker
1	muff dive
1	mudpeoples
1	mudpeople
1	mudlover
1	mouliewop
1	motorizar
1	motocicleta
1	motivosa
1	motherukka
1	motherlovebone
1	motherfuka
1	motherfkers
1	motherfker
1	mother-fucking
1	mother-fuckers
1	mother-fucker
1	mother love bone
1	mother fucking
1	motharfukka
1	motharfuka
1	motharfucker
1	motharfucka
1	mota
1	mosley
1	morue
1	morrongo
1	morons
1	moron
1	morning wood
1	morisqueta
1	moravia
1	mor0ns
1	mor0n
1	moonie
1	montare
1	monta
1	monkleigh
1	monkeyass
1	moneyshot
1	money shot
1	molotov
1	molestor
1	molester
1	moist
1	mofo
1	mods
1	moderators
1	moderator
1	moderat0rs
1	mod
1	mlm
1	minor
1	minoan
1	minchione
1	minchia
1	milivoj
1	military
1	mignotta
1	middle leg
1	micks
1	mibun
1	methyl
1	methenamine
1	methane
1	methamph
1	methadone
1	metaphysic
1	mescaline
1	merdoso
1	merdeux
1	merdes
1	merdata
1	merda
1	merd*
1	mercu
1	membrane
1	megalomaniac
1	meatyballz
1	meatyballs
1	meatstick
1	meatpole
1	meathole
1	meatbeatter
1	meat puppet
1	meat beatter
1	meat
1	meal
1	mdma
1	mdea
1	mcnumpty
1	mcfagget
1	mayate
1	maxine carr
1	max
1	maws
1	mawr
1	maw
1	mattressprincess
1	mattress princess
1	match-fixing
1	match fixing
1	masturbatory
1	masturbators
1	masturbator
1	masturbates
1	masturbater
1	masturbated
1	masturbat*
1	masturbat
1	mastuerzo
1	mastrabator
1	masterblaster
1	masterbation
1	masterbate
1	masterbat*
1	master blaster
1	mastabater
1	mastabate
1	massoretes
1	massimo
1	massacre
1	maryjane
1	mariscala
1	marimacha
1	marijuana
1	maricon
1	marico
1	marching powder
1	marajuana
1	maquereau
1	manures
1	manure
1	mantutia
1	manpaste
1	manic
1	manhater
1	manganese
1	manchas
1	man-root
1	man paste
1	man hater
1	mams
1	mamhoon
1	malva
1	maleton
1	makelove
1	majja
1	mainline
1	mahesh
1	mahayana
1	mahavira
1	mahatma
1	magog
1	magicwand
1	magic wand
1	magic
1	maggots
1	maggot
1	mafia
1	madrota
1	madrina
1	madre
1	madama
1	m0rons
1	m0ron
1	m0r0ns
1	m0r0n
1	lying
1	luring
1	lump
1	lumaca
1	luckycammeltoe
1	lucky pierre
1	lucky camel toe
1	lubejob
1	lube job
1	lube
1	lsd
1	lowlife
1	low life
1	loverocket
1	lovepistol
1	lovenut
1	lovemuscle
1	lovejuice
1	lovegun
1	lovegoo
1	lovebone
1	love rocket
1	love pistol
1	love muscle
1	love gun
1	love goo
1	love bone
1	lotion
1	loser
1	lop cock
1	looser
1	loose
1	loo
1	lolita
1	loaf
1	loadedgun
1	loaded gun
1	load
1	llello
1	ll
1	livesex
1	livefooty9
1	livefooty.doctor-serv.com/
1	livefooty.doctor-serv.com
1	livefooty.doctor-serv
1	livefooty-9
1	livefooty- 9
1	livefooty-
1	livefooty dot doctor-serv.com/
1	livefooty
1	live streams
1	live streaming
1	live sex
1	litmus
1	linkup
1	lina
1	limy
1	limpdick
1	limp dick
1	lied
1	lie
1	lickme
1	licker
1	lick me
1	libbers
1	libber
1	liar
1	lezzy
1	lezzies
1	lezzian
1	lezzes
1	lezz
1	lezbo
1	lezbefriends
1	lezbe
1	lez be friends
1	lez be
1	lesbyterian
1	lesbin
1	lesbayn
1	lesbain
1	leccaculo
1	leakage
1	large jock
1	lapdance
1	lap dance
1	landmine
1	laid
1	lady boog
1	lactoids
1	lactate
1	lacrimal
1	lace curtains
1	labile
1	kyrpa*
1	ky jelly
1	ky
1	kusi*
1	kurwa
1	kurve
1	kurva
1	kurac
1	kuntz
1	kunts
1	kumquat
1	kumbullbe
1	kumbubble
1	kum quat
1	kum bubble
1	kuksås
1	kukhuvud
1	kuffar
1	krunk
1	kronjon
1	krishna
1	krappy
1	krap
1	koukl
1	kotex
1	koresh
1	koon
1	konkelbär
1	koans
1	knöllare
1	knulle
1	knulla
1	know ones shit
1	knossos
1	knossian
1	knock up
1	knobhound
1	knobend
1	knob gobbler
1	knife
1	knallen
1	kn0bhead
1	kn* b
1	kmart
1	klootzak
1	klitta
1	kitzler
1	kitkat
1	kitbag.com
1	kissass
1	kinky
1	kingersheim
1	killing
1	killer
1	kikes
1	kidnap
1	kiddyfiddler
1	kiddy-fiddler
1	kiddy fiddler
1	kick ass
1	khalsa
1	ketamine
1	ketalar
1	kerosene
1	kcuf
1	kcid
1	kawk
1	kasabian
1	kant
1	kanker*
1	kamare
1	kamajor
1	kama sutra
1	kacken
1	kabbalah
1	k0k
1	k mart
1	jyotir
1	junkie
1	junglebunny
1	juice-box
1	juice
1	juggalo
1	judeo
1	jucka
1	juankers.
1	juankers
1	juanker.
1	juanker
1	jouir
1	joto
1	joint
1	join ffe
1	joder
1	jock stein
1	jock knew.
1	jizzim
1	jizjuice
1	jizim
1	jiz juice
1	jisms
1	jisim
1	jill off
1	jigaboos
1	jidder
1	jews
1	jewing
1	jew
1	jesuschrist
1	jesus fucking christ
1	jesus chirst
1	jesus
1	jesuits
1	jesuitry
1	jesuitries
1	jesuitic
1	jesuit
1	jerkoff
1	jerking
1	jelly
1	jay
1	japcrap
1	jap crap
1	jam
1	jail
1	jacktheripper
1	jacking off
1	jacking
1	jackal
1	jack-off
1	jack the ripper
1	j stein
1	itchy eye
1	issue
1	israelians
1	isopropyl
1	ira.
1	ira's
1	ira
1	iodine
1	intoxicat
1	inthebuff
1	intheass
1	interracial
1	inter racial
1	inter course
1	insest
1	injure
1	injun
1	inject
1	inhale
1	ingoio
1	ingin
1	inflict
1	infiltrate
1	inert
1	incest
1	incendiar
1	incarnation
1	inbrëds
1	inbrëd
1	inbreds.
1	inbreds!!
1	inbreds!
1	inbreds
1	inbreded
1	inbred.
1	inbred!!!
1	inbred!!
1	inbred
1	inbr3ds
1	inbr3d
1	in the buff
1	in the ass
1	implement
1	imperial
1	illicit
1	illegal
1	ignit
1	idol
1	idoit
1	id10t
1	id ten t
1	i was banned
1	i luv beer
1	i love beer
1	hypochloride
1	hynda
1	hydroxide
1	hydrogen
1	hydroc
1	hydrazine
1	hvn
1	hurensohn
1	hure
1	huns
1	hunkies
1	hunk
1	hung
1	hun.
1	hun
1	humps
1	humpers
1	humper
1	humped
1	hui
1	huff
1	huevon
1	http://www.xperteleven.com/
1	http://www.thesillypoint.com/forum/
1	http://www.thesillypoint.com/forum
1	http://www.scrum-5.co.uk/
1	http://www.scrum-5.co.uk
1	http://www.proevoeliteleagues.co.uk/forums/
1	http://www.nonstopsoccer.proboards83.com
1	http://www.footballstreaming.info
1	http://www.footballonsat.com/
1	http://www.footballonsat.com
1	http://www.ffe.createmybb.com/
1	http://www.ffe.createmybb.com
1	http://www.ekhichdi.com/index.php?topic=33.0
1	http://www.ekhichdi.com/index.php?board=41.0
1	http://www.ekhichdi.com/
1	http://www.edwardmitterrand.com/artists/slow%20bur
1	http://www.communities.com/
1	http://www.communities.com
1	http://www.clickcaster.com/warriorfm
1	http://woodzone.myminicity.com/sec
1	http://woodzone.myminicity.com/ind
1	http://woodzone.myminicity.com/com
1	http://woodzone.myminicity.com/
1	http://woodzone.myminicity.com
1	http://tw-kent.myminicity.com/
1	http://tw-kent.myminicity.com
1	http://stadskanaal-1.myminicity.com/tra
1	http://stadskanaal-1.myminicity.com/ind
1	http://stadskanaal-1.myminicity.com/
1	http://stadskanaal-1.myminicity.com
1	http://sawdonia.myminicity.com/tra
1	http://sawdonia.myminicity.com/
1	http://sawdonia.myminicity.com
1	http://racehorseheros.myfreeforum.org/about900.htm
1	http://onerugbyleague.proboards76.com/index.cgi#ge
1	http://nonstopsoccer.proboards83.com
1	http://nextgenpes.proboards56.com
1	http://news.ninemsn.com.au/article.aspx?id=312659
1	http://naz22.myminicity.com/sec
1	http://naz22.myminicity.com
1	http://livefooty.doctor-serv.com/
1	http://livefooty.doctor-serv.com
1	http://i175.photobucket.com/albums/w153/johnnydanc
1	http://ffe.createmybb.com/member.php?action=regist
1	http://442forums.net/forums/
1	http://442forums.net/forums
1	http://442forums.net
1	hows your hammer hangin
1	hotwir
1	hottotrot
1	hotrock
1	hotpussy
1	hotdog
1	hotdamn
1	hotbud-hotspot.blogspot.com/
1	hotbud-hotspot
1	hot2trot
1	hot wir
1	hot to trot
1	hot pussy
1	hot pocket
1	hot damn
1	hostil
1	hostage
1	hoser
1	hosejob
1	hose job
1	horseshit
1	horror
1	horrify
1	horrified
1	horoscop
1	hork
1	hood
1	honky
1	honkies
1	honkie
1	honkeys
1	homodumbshit
1	homobangers
1	homo sexual
1	homo bangers
1	homicide
1	holocaust
1	holestuffer
1	hole stuffer
1	hoist
1	hoer
1	hoe
1	hock
1	hobo
1	ho mo
1	hindenberg
1	hierba
1	hexamine
1	hethro
1	hershy high way
1	hersheyhiway
1	hersheyhighway
1	hershey highway
1	hershey hi way
1	herpes
1	hermetic
1	heresy
1	herb
1	henhouse
1	hen house
1	helvete
1	helter
1	hellyes
1	hellno
1	hell yes
1	hell no
1	hehateme
1	heeb
1	hebes
1	hebe
1	heap
1	headlights
1	headfuck
1	head lights
1	head fuck
1	he hate me
1	havoc
1	having it off with
1	hatred
1	hasidi
1	hashem
1	hash
1	harem
1	harder
1	hardcore
1	hard-on
1	haoles
1	haole
1	handtralla
1	handle
1	handjobb
1	handcuff
1	hammerskin
1	ham shank
1	hallucin
1	halfassed
1	halfarsed
1	half-assed
1	half-arsed
1	hakeem
1	hairybag
1	hairy
1	hair pie
1	hail
1	hack
1	h4x0r
1	h0re
1	h0ar
1	h00r
1	h un
1	h o m o s
1	h o m o
1	güebo
1	göka
1	gypsy
1	gypsies
1	gush
1	guru
1	gunpowder
1	gun
1	gumersinda
1	guinne
1	guiena
1	grotesque
1	grostulation
1	grofaz
1	gringos
1	grilla
1	grifo
1	grifear
1	grenade
1	greek
1	gravy
1	grave
1	granulat
1	gramps
1	goys
1	goyish
1	goyim
1	goy
1	gouine
1	gotohell
1	goth
1	got2haveit
1	got me banned
1	got jesus
1	goris
1	gonzagas
1	gonorrehea
1	gonads
1	gomorrah
1	gohonzon
1	gog
1	godemichet
1	goddess
1	goddamnmuthafucker
1	goddamnes
1	goddamned
1	goddamit
1	god manit
1	god damned
1	god damit
1	god damed mutha fucka
1	gobshite
1	gob4h1te
1	gob the knob
1	go to hell
1	go me
1	go down on
1	gnostic
1	gnikcuf
1	gnaw
1	glycol
1	glycerin
1	glue
1	gleatinous
1	glazeddonut
1	glazed donut
1	givehead
1	give head
1	give a shit
1	giros
1	giro
1	ginch
1	gilipollas
1	gigglestick
1	giftbrun
1	giehn
1	ghost
1	ghey
1	ggay
1	getiton
1	get some
1	get ones shit together
1	get off
1	get it up
1	get bent
1	gertrud
1	gerken
1	geocosmic
1	genocide
1	genocidal
1	genital
1	gelignite
1	gazongers
1	gays
1	gaymuthafuckinwhore
1	gaylover
1	gaylord
1	gayfuckist
1	gayfuck
1	gaydo
1	gayboys
1	gayboy
1	gaybob
1	gayass
1	gay pride
1	gay mutha fuckin queer
1	gay ass
1	gay (editor's note
1	gasoline
1	gaping
1	ganja
1	gangsta bitch
1	gangbanging
1	gang banger
1	gang
1	gakkai
1	g00k
1	g-unit
1	g unit
1	g a y
1	fü¢k
1	fücking
1	fúçk
1	fúcking
1	fÜck
1	fvk
1	fu~*king
1	fu{in
1	fux0r
1	fuuck
1	futkretzn
1	fuse
1	furbox
1	funnel
1	funkyass
1	funfuck
1	fun fuck
1	fume
1	fulminate
1	fukwit
1	fukoff
1	fukken
1	fukkah
1	fuken
1	fukah
1	fuka
1	fuk*
1	fugly
1	fugitive
1	fuds
1	fudgepacking
1	fudgepacka
1	fudge_packers
1	fudge_packer
1	fudge-packers
1	fudge pakcers
1	fud
1	fuckyou
1	fuckwitt
1	fuckwits
1	fuckwhore
1	fuckups
1	fuckpig
1	fucko
1	fucknutt
1	fucknut
1	fuckmonkey
1	fuckmehard
1	fuckknob
1	fuckit
1	fuckinright
1	fuckinnuts
1	fuckingbitch
1	fucking nuts
1	fucking bitch
1	fucking a
1	fuckina
1	fuckin right
1	fuckin nuts
1	fuckin a
1	fuckie
1	fuckher
1	fuckfriend
1	fuckfreak
1	fuckfest
1	fuckersucker
1	fuckerino
1	fuckedup
1	fucked past tense of fuck
1	fuckbutt
1	fuckbuddy
1	fuckbrain
1	fuckboy
1	fuckable
1	fuck you
1	fuck whore
1	fuck them
1	fuck pig
1	fuck oneself
1	fuck monkey
1	fuck me harder
1	fuck me hard
1	fuck me
1	fuck knob
1	fuck it
1	fuck her
1	fuck head
1	fuck friend
1	fuck freak
1	fuck fest
1	fuck face
1	fuck buddy
1	fuck bag
1	fucck
1	fu[in
1	fu--ing
1	fu**ed
1	fu kked
1	fu cking
1	fu c king
1	fu
1	fruit fly
1	fruit
1	froscio
1	front14.org
1	frogs
1	frocio
1	frikking
1	frigs
1	friggin
1	frigged
1	french tickler
1	fregna
1	freefuck
1	freeforall
1	freebase
1	free4all
1	free xbox
1	free ps3
1	free ipod
1	free fuck
1	free for all
1	free 4 all
1	freakyfucker
1	freaky fucker
1	freaking
1	freakfuck
1	freak fuck
1	freak
1	fraudulent
1	fraudulant
1	foys
1	foxtrot oscar
1	foutre
1	fourtwenty
1	foursome
1	four20
1	four twenty
1	four 20
1	fotze
1	fottersi
1	fottere
1	fornicate
1	formula
1	fore skin
1	foquin
1	footstar
1	footlicker
1	footfucker
1	footfuck
1	footballonsat.com
1	footballonsat
1	football for free
1	footaction
1	foot licker
1	foot fucker
1	foot fuck
1	fondle
1	follower
1	follar
1	foist
1	foffbbc
1	fo okin
1	flänsost
1	fluid
1	flucknuts
1	flucking
1	fluck
1	flow
1	flouri
1	flooking
1	floggin the dolphin
1	flocking
1	flikker
1	flatulence
1	flata
1	flask
1	flasher
1	flash your gash
1	flamer
1	flam
1	fladdermus
1	fkers
1	fker
1	fkcin
1	fk
1	fixed match
1	fittytucking
1	fittytuck
1	fittslickare
1	fittansikte
1	fittafis
1	fitta
1	fitt*
1	fist fucker
1	fist
1	fish
1	fire
1	fingerpulla
1	fingerprint
1	fingerfood
1	finger fucker
1	finger food
1	fille
1	figgä
1	figg
1	fia president
1	fertaliz
1	ferrocyanide
1	ferric
1	fen ian
1	femme
1	feminazi
1	feltches
1	feltchers
1	feltched
1	felcher
1	fehcks
1	fehck
1	fecal
1	featuring the best
1	feak
1	feaces
1	favourite lp
1	favourite album
1	fattoush
1	fatsos
1	fatsoes
1	fatoush
1	fatfucker
1	fatfuck
1	fatal
1	fat fucker
1	fat fuck
1	fat ass
1	fat
1	fastfuck
1	fast fuck
1	fascist
1	farter
1	fart around
1	fart along
1	fark
1	fannyfucker
1	fanny fucker
1	fanculo
1	family organ
1	family jewels
1	false accounting
1	fairies
1	faig*
1	fahgs
1	faglover
1	fagit
1	faggy
1	faggotry
1	faggotries
1	faggotlover
1	faggotcock
1	fagget
1	fagfucker
1	fag.
1	fag*
1	fag!
1	fag stag
1	fag hag
1	faen
1	faeces
1	fackk
1	fachar
1	facefucker
1	face fucker
1	fa66ot
1	fa55ot
1	fa**ck
1	fa g.
1	fa g
1	f^(k
1	f@uk
1	f@ckin
1	f@@k
1	f@&*ing
1	f3cking
1	f3ck
1	f0ys
1	f00cking
1	f00ck
1	f.i.n.e.
1	f-u-ck
1	f-off
1	f-ing
1	f-cuk
1	f- u-c-k
1	f*k
1	f*cking
1	f*c*in
1	f**ing
1	f*()
1	f* ck
1	f* *k
1	f()ckin
1	f()ckers.
1	f()ckers
1	f()ck you
1	f'uck
1	f'k
1	f'ing
1	f%$king
1	f%$k
1	f#ck
1	f###ing
1	f!ck
1	f ucking
1	f u c k i n g
1	f u c k e r
1	f u c k e d
1	f u - c k
1	f toyota
1	f right off
1	f offbbc
1	f cking
1	f cker
1	f c u k off.
1	f all
1	f a g!
1	f a g
1	f **k
1	f ***
1	extrude
1	extremis
1	extradit
1	exterminate
1	expuls
1	explos
1	exploit
1	explod
1	exorcise
1	exorc
1	exfulminate
1	excrement
1	exacerbate
1	evl
1	ethylene
1	ethyl
1	ethnic
1	ether
1	ethanol
1	eternity
1	eternal
1	estes
1	esbats
1	erse
1	erotic
1	erection
1	eradicate
1	er3e
1	epsom
1	epoxy
1	ephedrine
1	envelope
1	entries close at
1	entice
1	enter free at
1	enroth
1	enlist
1	enlargement
1	enkephalin
1	enfoiré
1	enema
1	endorphin
1	endogenous
1	enculé
1	encular
1	encroach
1	embezzle
1	elucidate
1	eliyahu
1	eleusis
1	ekto
1	ekrem*
1	eknath
1	ejackulate
1	einhorn
1	eileithyia
1	egyptian
1	efrem
1	efkin
1	effluvia
1	effin
1	eddress
1	ecstasy
1	eckankar
1	echol
1	echelon
1	eatpussy
1	eatme
1	eatballs
1	eat\s*shit
1	eat-shit
1	eat shit
1	eat pussy
1	eat me
1	easyslut
1	easy slut
1	dziwka
1	dynamite
1	dykey
1	dykes
1	dutch or dutch fuck
1	dusean
1	dupa
1	dung
1	dumshit
1	dummy
1	dumbbitch
1	dumba$$
1	dumb fuck
1	dumb bitch
1	dumb
1	duke of edinburgh
1	dukakis
1	drägg
1	dry ice
1	drunken
1	druggy
1	druggie
1	drippy dick
1	dripdick
1	drip dick
1	dre
1	drano
1	drague
1	dragqween
1	dragqueen
1	drag
1	doudounes
1	douchewaffle
1	douchebags
1	douche-fag
1	douche bag
1	doubled
1	double d
1	dorks
1	doomsday
1	doodoo
1	doochbag
1	dongs
1	dongle
1	dominion
1	domination
1	dominant
1	dome
1	dolt
1	dole monkeys
1	dogshit
1	doggystyle
1	doggy stlye
1	doggie style
1	doesnt know shit from shinola
1	dobratz
1	do me
1	dixiedyke
1	dixiedike
1	dixie dyke
1	dixie dike
1	dix
1	ditalino
1	distill
1	dissension
1	disembowel
1	disease
1	discipl
1	discharge
1	dirty ho
1	dirsa
1	dippers
1	diphenylamine
1	diphenyl
1	dip stick
1	dip
1	dioxide
1	dion
1	diode
1	dingleberries
1	dilut
1	diklik
1	dikey
1	dike*
1	diethylamide
1	diesel dyke
1	died
1	die
1	diddling
1	diddled
1	dictator
1	dictaean
1	dickweasel
1	dicksucking
1	dicksucka
1	dicksuck
1	dickslap
1	dickmonger
1	dickmilk
1	dickman
1	dicklicka
1	dickjuice
1	dickheads
1	dickfucker
1	dickfuck
1	dickforbrains
1	dickface
1	dickchode
1	dickbrain
1	dickbite
1	dickbeaters
1	dickbag
1	dick-head
1	dick*
1	dick weed
1	dick wad
1	dick likcer
1	dick licker
1	dick lick
1	dick for brains
1	dick fart
1	dick brain
1	dichloride
1	dhick
1	dharma
1	dham
1	dextrine
1	devastate
1	detona
1	destruct
1	destroy
1	deserve to die.
1	deserve to die
1	depressant
1	deposit
1	demolition
1	delfina
1	dehuman
1	dego
1	defraud
1	defloration
1	defecation
1	defecate
1	deeznutz
1	deeznuts
1	deepthroat
1	deeper
1	deep throat
1	deceive
1	decapitated
1	death camp
1	death
1	deapthroat
1	deaper
1	deap throat
1	dead
1	dd
1	daygo
1	davidian
1	datnigga
1	darkies
1	darkeys
1	darkey
1	dangle
1	damnit
1	damn it
1	damien
1	dalai
1	dajmkryss
1	daitya
1	daist
1	dahmer
1	dagos
1	dagoes
1	dagger
1	daeva
1	d4mn
1	d1ld0
1	d*ckheads
1	d*ckhead
1	d*c
1	d&ugs
1	cyclonite
1	cyberslimer
1	cybersex
1	cyber slimer
1	cyber sex
1	cyanide
1	cusca
1	curse
1	curry queen
1	current buns
1	current bun
1	currant buns
1	cuntsucker
1	cuntslut
1	cuntrag
1	cunthole
1	cuntfucker
1	cuntfuck
1	cuntflaps
1	cuntface
1	cunt licker
1	cunt fucker
1	cunt fuck
1	cunny
1	cunnie
1	cumtart
1	cumslut
1	cumqueen
1	cumquat
1	cumm
1	cuming
1	cumguzzler
1	cumfest
1	cumdumpster
1	cum shot
1	cum queen
1	cum quat
1	cum jockey
1	cum fest
1	cum bubble
1	culé
1	cult
1	culprit
1	culo
1	culero
1	culattone
1	crypt
1	crusade
1	cruel
1	crucifi
1	crucif
1	crow
1	crotchrot
1	crotchmonkey
1	crotchjockey
1	crotch rot
1	crotch monkey
1	crotch jockey
1	critest
1	cretins
1	credit card
1	creator.org
1	creatin
1	creamy
1	cream ones jeans
1	crappacking
1	crappacker
1	crapola
1	crapfucking
1	cranny
1	crampon
1	cramouille
1	crackwhore
1	crackpipe
1	crack-whore
1	crack whore
1	crack pipe
1	cr3tin
1	cr*p
1	coño
1	counterculture
1	couleuvre
1	couilles
1	cotton picker
1	cossor ali
1	corruption
1	corrupt
1	corpse
1	cornuto
1	cornholio
1	corn hole
1	copulate
1	coot
1	coochy
1	coochie
1	conspiring
1	conspiracy
1	connasse
1	connard
1	conjure
1	conical
1	conflict
1	concha
1	comsymps
1	comsymp
1	comrade
1	communities@bbc.co.uk
1	communist
1	comemierda
1	come stain
1	come
1	combat
1	coloreds
1	colombian stuff
1	colgados
1	cok
1	cojonear
1	coercive
1	cocky
1	cocktease
1	cocktail
1	cocksucer
1	cocksman
1	cockshit
1	cocks man
1	cockrider
1	cockqueen
1	cocknugget
1	cocknose
1	cocknob
1	cockmonkey
1	cockmongruel
1	cockmongler
1	cocklover
1	cocklicker
1	cockknoker
1	cockknob
1	cockjockey
1	cockh3ad
1	cockfight
1	cockfaced
1	cockcowboy
1	cockburger
1	cockblocker
1	cockblock
1	cockass
1	cock-sucking
1	cock-suckers
1	cock tease
1	cock tail
1	cock smith
1	cock ring
1	cock rider
1	cock queen
1	cock nob
1	cock lover
1	cock licker
1	cock knob
1	cock fight
1	cock cowboy
1	cock blocker
1	cock block
1	cobia
1	cntz
1	cnts
1	clusterfuck
1	clunge
1	clucking funt
1	clothhead
1	cloth head
1	closet queen
1	cloister
1	clog
1	clito
1	clitfuck
1	clitface
1	clit fight
1	clipped
1	cleft
1	clamdiver
1	clamdigger
1	clam diver
1	clam digger
1	clam
1	clairvoyant
1	clairaudient
1	cipote
1	cipa
1	cingualate
1	cigar
1	cielo
1	chynoweth
1	chuperson
1	chum
1	chuj
1	chuffnuts
1	chubby chaser
1	chromium
1	christ
1	chraa
1	chow box
1	chora
1	cholo
1	choke the chicken
1	choke
1	chodelick
1	chode or chode
1	chocolate cha cha
1	chocho
1	chocha
1	chlor
1	chizuo
1	chiu
1	chiswik
1	chipahua
1	chino
1	chinky
1	chinkies
1	chingate
1	chingar
1	chingalo
1	chingado
1	chinga
1	ching
1	chinaloa
1	chilito
1	child abuse
1	chijon
1	chier
1	chief
1	chickslick
1	chicken queen
1	chicken hawk
1	chicken
1	chick slick
1	chiavata
1	chiavare
1	cherrypopper
1	cherry popper
1	cherry
1	chemical
1	chelscum
1	checca
1	cheats
1	cheating.
1	cheating
1	cheater
1	cheated
1	cheat
1	chaventry
1	chatte
1	charisma
1	chardo
1	chapero
1	chaos
1	chant
1	channeling
1	chacon
1	cellulose
1	celestine
1	cefalu
1	ceej
1	ccs7
1	ccis6
1	ccis
1	cawk*
1	caudate
1	cathouse
1	catalytic
1	castes
1	casquete
1	casket
1	cash prizes
1	cash prize
1	carruth
1	carpetmuncha
1	carnage
1	carbon
1	carbolic
1	carbide
1	caray
1	cant's
1	cannon
1	cannibis
1	cannibalism
1	cannabis.
1	candyass
1	candy-ass
1	cancer stick
1	can
1	camphor
1	cameltoes
1	camel toes
1	calabazo
1	cagna
1	cagare
1	cagada
1	cadaver
1	cacker
1	cachapera
1	cabrón
1	cabrona
1	caballo
1	cabalistic
1	c@nts
1	c@#t
1	c9nt
1	c4
1	c2
1	c***ts
1	c***
1	c*&ts
1	c* nt
1	c unt.
1	c unt
1	c o k
1	c nuts
1	c *nts!
1	c *nt!
1	bürschte
1	böhndle
1	bög
1	böckle
1	byantium
1	buying coke
1	butyl
1	buttstain
1	buttpirate
1	buttpicker
1	buttman
1	buttlicks
1	buttlicking
1	buttlicker
1	buttlick
1	buttfucks
1	buttfucking
1	buttfuckers
1	buttfucked
1	buttbang
1	butt-fuckers
1	butt-fucker
1	butt-fuck
1	butt-bang
1	butt stain
1	butt man
1	butt head
1	butt hair
1	butt fuckers
1	butt fuck
1	butt breath
1	butt bang
1	butchdyke
1	butchdike
1	butchbabes
1	butch dyke
1	butch dike
1	butch babes
1	busone
1	bush boogie
1	busengrapscher
1	burn
1	burial
1	burgle
1	burglary
1	bungs
1	bung hole
1	bung
1	bun.
1	bun
1	bumwipe
1	bumsen
1	bummers
1	bumlick
1	bumfuck
1	bumble fuck
1	bum bandits
1	bullshitters
1	bullshitter
1	bullsh!t
1	bullet
1	bulldyke
1	bulldike
1	bullcrap
1	bull5h1tt1ng
1	bull-shitting
1	bull-shitters
1	bull-shitter
1	bull-shitted
1	bull-shits
1	bull-shit
1	bull dike
1	bull crap
1	bulger
1	bulge
1	built like a brick shithouse
1	budweiser
1	budiùlo
1	buddy
1	bud
1	buckras
1	buckra
1	buckle
1	bucket cunt
1	buceta
1	bucaiolo
1	bubby
1	bubbies
1	bu min
1	bsbw
1	bsbb
1	brutal
1	bruderhof
1	browntown
1	browneye
1	brown-noser
1	brown-nosed
1	brown-nose
1	brown noser
1	brown nosed
1	brown nose
1	brown eye
1	brown
1	brotherhood
1	brothel
1	brinca
1	briefs
1	bribes
1	bribed
1	bribe
1	breasts
1	breastman
1	breastlover
1	breastjob
1	breast man
1	breast lover
1	breast job
1	brassiëre
1	branlette
1	brainwash
1	brahma
1	boy butter
1	bordello
1	bordel
1	bordeaux
1	booze
1	boots&braces
1	boody
1	boobytrap
1	boobie
1	bonk
1	bonita
1	bong
1	bones
1	boneon
1	bonehead
1	bombing
1	bollock*
1	bollock
1	bollo
1	bollern
1	boiolas
1	boink
1	boiler
1	bofilo
1	boffing
1	bodhisattva
1	bocke
1	boches
1	boche
1	bocchino
1	bocchinara
1	bob
1	boaby sooking
1	boabie sooking
1	bm
1	blueballs
1	bludgeon
1	bloxom
1	blow-job
1	bloody hell
1	bloody
1	blood
1	bloblos
1	blast
1	blasen
1	blackpowder
1	blackout
1	blackmailer
1	blackmail
1	black out
1	black mail
1	bjk?
1	bjk
1	bj
1	bizatch
1	bizarre
1	biteme
1	bite me
1	bitchtits
1	bitchs
1	bitchass
1	bin dipping
1	bin dip pers
1	bigprick
1	bigot
1	bignhard
1	bigkahuna
1	bigbutt
1	bigbastard
1	bigass
1	bigandhard
1	biga
1	big jock knew
1	big jock did know
1	big jock
1	big j0ck
1	big butt
1	big ass
1	biffy
1	bicho
1	bicarbonate
1	bi-sexual
1	bi+ch
1	bi sexual
1	bezerra
1	betray
1	besorgen
1	beschissen
1	berreadero
1	berk
1	bent
1	belly whacker
1	belino
1	beinsa
1	behead
1	beer
1	beef
1	beatyourmeat
1	beatoff
1	beatch
1	beat-off
1	beat your meat
1	beastality
1	beast with two backs
1	bear
1	be on the rag
1	bdsm
1	bazongas
1	bawbag
1	baw bag
1	batty boy?
1	batty boy
1	battona
1	battle
1	battere
1	baths
1	basyards
1	basyard
1	basuco
1	bastrds
1	basterd*
1	bastardo
1	bastarda
1	bassterds
1	basket
1	bash
1	bas*ards
1	bas tards
1	barium
1	barfface
1	barface
1	barf face
1	barf
1	barelylegal
1	barely legal
1	barbs
1	barbiturate
1	bar steward
1	banned me
1	banging
1	bandundu
1	baltic
1	ballsy
1	ballsiest
1	ballsier
1	balls deep!
1	balls deep
1	balllicker
1	balling
1	ballers
1	baller
1	balled
1	ball/s
1	ball sack
1	ball licker
1	baldracca
1	bagnarsi
1	bagascia
1	baetyl
1	badfuck
1	badasses
1	badassed
1	badass
1	bad fuck
1	bad ass
1	backseat
1	backdoorman
1	backdoor bandits
1	backdoor
1	back-hoe
1	back door man
1	back door
1	bacalao
1	babaji
1	b@ll@cks
1	b17ch
1	b0110cks
1	b0110ck
1	b0//0cks
1	b.j.k.
1	b.j.k
1	b*stards
1	b*st*&rds
1	b*st*&rd
1	b*ll*ck's
1	b***ocks.
1	b***ocks
1	b!tch
1	b!g jock
1	b i t c h e s
1	b hard
1	b a s t a rds
1	b a s t a r d
1	azzholez
1	azzes
1	azz
1	azenath
1	ayotes
1	ayir
1	ayia
1	axing the weasel
1	axe
1	avuncular
1	avergallon
1	aunty
1	aulfocyanide
1	attack
1	athletesfoot
1	athletes foot
1	ather
1	atheist
1	astrolite
1	astal
1	asswipes
1	asswhore
1	asswad
1	assulted
1	assult
1	asssucker
1	assshole
1	assshit
1	assranger
1	asspuppies
1	asspacker
1	assnigger
1	assman
1	asslover
1	assklown
1	assjockey
1	assing
1	asshore
1	assgoblin
1	assfucks
1	assed
1	asscracker
1	asscowboy
1	assblaster
1	assbite
1	assbagger
1	assaults
1	assaulted
1	assassin
1	assailant
1	ass-pirate
1	ass-holes
1	ass-hole
1	ass-hat
1	ass wipe
1	ass whore
1	ass ranger
1	ass puppies
1	ass pirate
1	ass packer
1	ass muncher
1	ass munch
1	ass monkey
1	ass man
1	ass lover
1	ass licker
1	ass klown
1	ass kisser
1	ass kiss
1	ass jockey
1	ass hore
1	ass holes
1	ass fucker
1	ass fuck
1	ass cowboy
1	ass clown
1	ass boy
1	ass blaster
1	ass bagger
1	asre
1	asphyxiate
1	asholes
1	ashes
1	ash0le*
1	asbos
1	aryan
1	arvo
1	artillery
1	arsing
1	arsenal
1	arsebandits.
1	arsebandits
1	arse-holes
1	arse*
1	arschloch
1	arschlecker
1	arschficken
1	arroyo
1	arrested
1	arrecho
1	army
1	arcanus
1	aracata
1	ar5ewipe
1	ar5e.
1	ar5e
1	ar.se
1	ar$e
1	ar se
1	approach
1	apologist
1	apologia
1	apologetic
1	apocryphal
1	apocalyps
1	apocalyp
1	apedrear
1	aparato
1	anustova
1	antithetic
1	antichrist
1	anoint
1	annihilat
1	anger
1	andskota
1	androgenic
1	ancient
1	anarchist
1	analsex
1	analannie
1	anal sex
1	anal annie
1	anaesthetic
1	anabolic
1	amyl
1	amrit
1	amphetamine
1	ammucchiata
1	ammonia
1	amcik
1	aluminum
1	altar
1	almeja
1	allegations
1	allah
1	alky
1	alkaline
1	alimentos
1	alien
1	alcoholic
1	alcohol
1	albondigas
1	akyl
1	aiki
1	ahole
1	aguacates
1	agrimia
1	agarraderas
1	aerosol
1	aegean
1	adwc
1	aduana
1	adrenaline
1	adolph
1	adolf
1	adler
1	addict
1	acid
1	acetylene
1	acetone
1	acetic
1	acetate
1	acabar
1	abuse
1	abos
1	abo
1	aberrant
1	abebe
1	abduct
1	abadesa
1	a?sehole
1	a.s.s.
1	a**es
1	a**e
1	a***
1	a$$
1	\bturds\b
1	\bturd\b
1	\bshit\b
1	\bpussy\b
1	\bcock\b
1	\bass\b
1	[unts
1	[ock
1	@unt!
1	@rses
1	@rsehole
1	@r$e.
1	@r$e
1	@$$
1	<unts
1	<unting
1	8itch
1	81tch
1	666
1	60nine
1	60 nine
1	5h1te
1	4twenty
1	420
1	4 twenty
1	3some
1	3rse
1	3rdleg
1	3rdeye
1	3rd leg
1	3rd eye
1	2 on 1
1	*whore*
1	*unt
1	*slut*
1	*skank*
1	*shit*
1	*sh1t*
1	*sh!t*
1	*penis*
1	*orgasm*
1	*fuck*
1	*f u c k*
1	*dyke
1	*dildo*
1	*damn*
1	*cunt*
1	*cock*
1	*clit*
1	*c0ck*
1	*c*u*n*t*
1	*bitch*
1	*bastard*
1	****head
1	'kiddyfiddler'
1	$hittie
1	$hit
1	$cum
1	"w*nkers, 0"
1	"tosser,"
