0	{"user_id":"0","strong_links":[{"user_id":"14389132","weight":"0.5"}]}
58	{"screen_name":"Darkside","user_id":"58","strong_links":[{"user_id":"16982481","weight":"4.9876404"},{"user_id":"383033","weight":"4.272708"},{"user_id":"74507100","weight":"4.2460656"},{"user_id":"12","weight":"3.8917756"},{"user_id":"16100473","weight":"3.1673262"},{"user_id":"46904150","weight":"2.7810647"},{"user_id":"58","weight":"2.7467082"},{"user_id":"60","weight":"2.7340593"},{"user_id":"59","weight":"2.6338835"},{"user_id":"374023","weight":"2.2774632"},{"user_id":"729193","weight":"2.2212913"},{"user_id":"784964","weight":"1.8106601"},{"user_id":"74508493","weight":"1.75"},{"user_id":"26550063","weight":"1.7285534"},{"user_id":"33880118","weight":"1.7071068"},{"user_id":"24475660","weight":"1.6830127"},{"user_id":"67053176","weight":"1.6279442"},{"user_id":"63793","weight":"1.625"},{"user_id":"17450037","weight":"1.625"},{"user_id":"71122070","weight":"1.6035534"},{"user_id":"129469944","weight":"1.5606601"},{"user_id":"26642006","weight":"1.5255233"},{"user_id":"16332522","weight":"1.5255233"},{"user_id":"43550397","weight":"1.5"},{"user_id":"17428614","weight":"1.4571068"},{"user_id":"106931050","weight":"1.4571068"},{"user_id":"93017945","weight":"1.4330127"},{"user_id":"76","weight":"1.4114379"},{"user_id":"5671022","weight":"1.3597894"},{"user_id":"27383576","weight":"1.25"},{"user_id":"4809381","weight":"1.25"},{"user_id":"37987720","weight":"1.25"},{"user_id":"24608008","weight":"1.25"},{"user_id":"11516172","weight":"1.25"},{"user_id":"19413710","weight":"1.25"},{"user_id":"19086115","weight":"1.25"},{"user_id":"5991412","weight":"1.25"},{"user_id":"763512","weight":"1.25"},{"user_id":"61777463","weight":"1.25"},{"user_id":"18874728","weight":"1.25"},{"user_id":"7040932","weight":"1.2285534"},{"user_id":"17597598","weight":"1.2071068"},{"user_id":"84858986","weight":"1.125"},{"user_id":"73914423","weight":"1.1035534"},{"user_id":"24421504","weight":"1.1035534"},{"user_id":"62865473","weight":"1.0606601"},{"user_id":"18808152","weight":"1.0"},{"user_id":"22322257","weight":"1.0"},{"user_id":"15204486","weight":"1.0"},{"user_id":"17138135","weight":"1.0"},{"user_id":"2789161","weight":"1.0"},{"user_id":"22596030","weight":"1.0"},{"user_id":"722973","weight":"1.0"},{"user_id":"15614321","weight":"1.0"},{"user_id":"23969244","weight":"1.0"},{"user_id":"6712022","weight":"1.0"},{"user_id":"17844789","weight":"1.0"},{"user_id":"17685544","weight":"1.0"},{"user_id":"813286","weight":"1.0"},{"user_id":"35877500","weight":"1.0"},{"user_id":"24101921","weight":"1.0"},{"user_id":"23535202","weight":"1.0"},{"user_id":"29940936","weight":"1.0"},{"user_id":"12015502","weight":"1.0"},{"user_id":"16686836","weight":"1.0"},{"user_id":"21311227","weight":"1.0"},{"user_id":"21279919","weight":"1.0"},{"user_id":"93302391","weight":"1.0"},{"user_id":"21801659","weight":"1.0"},{"user_id":"20767511","weight":"1.0"},{"user_id":"76190313","weight":"1.0"},{"user_id":"24492743","weight":"1.0"},{"user_id":"25721283","weight":"1.0"},{"user_id":"55943421","weight":"0.875"},{"user_id":"15293169","weight":"0.875"},{"user_id":"31353077","weight":"0.8080127"},{"user_id":"21009065","weight":"0.78033006"},{"user_id":"1111411","weight":"0.78033006"},{"user_id":"44797839","weight":"0.75"},{"user_id":"46437774","weight":"0.75"},{"user_id":"15210272","weight":"0.75"},{"user_id":"6019992","weight":"0.75"},{"user_id":"35197085","weight":"0.75"},{"user_id":"7212562","weight":"0.75"},{"user_id":"76902068","weight":"0.75"},{"user_id":"10184412","weight":"0.75"},{"user_id":"73918831","weight":"0.75"},{"user_id":"15153710","weight":"0.75"},{"user_id":"17084377","weight":"0.75"},{"user_id":"15014905","weight":"0.75"},{"user_id":"14833649","weight":"0.75"},{"user_id":"16929576","weight":"0.75"},{"user_id":"14615288","weight":"0.75"},{"user_id":"14590873","weight":"0.75"},{"user_id":"78344693","weight":"0.75"},{"user_id":"7846","weight":"0.75"},{"user_id":"29793337","weight":"0.75"},{"user_id":"81033","weight":"0.75"},{"user_id":"82497985","weight":"0.75"},{"user_id":"8354052","weight":"0.75"}]}
232	{"screen_name":"annied","user_id":"232","strong_links":[{"user_id":"144","weight":"0.75"},{"user_id":"33854028","weight":"0.5"},{"user_id":"33380645","weight":"0.5"},{"user_id":"32435845","weight":"0.5"},{"user_id":"32419120","weight":"0.5"},{"user_id":"28344521","weight":"0.5"},{"user_id":"28338350","weight":"0.5"},{"user_id":"26930837","weight":"0.5"},{"user_id":"24871497","weight":"0.5"},{"user_id":"24782409","weight":"0.5"},{"user_id":"21569268","weight":"0.5"},{"user_id":"21003581","weight":"0.5"},{"user_id":"20459557","weight":"0.5"},{"user_id":"20145990","weight":"0.5"},{"user_id":"19489341","weight":"0.5"},{"user_id":"19013647","weight":"0.5"},{"user_id":"18948532","weight":"0.5"},{"user_id":"18491163","weight":"0.5"},{"user_id":"18474451","weight":"0.5"},{"user_id":"18003646","weight":"0.5"},{"user_id":"17904110","weight":"0.5"},{"user_id":"17828895","weight":"0.5"},{"user_id":"17813922","weight":"0.5"},{"user_id":"17707280","weight":"0.5"},{"user_id":"17427108","weight":"0.5"},{"user_id":"17369683","weight":"0.5"},{"user_id":"16823953","weight":"0.5"},{"user_id":"16577526","weight":"0.5"},{"user_id":"16472256","weight":"0.5"},{"user_id":"16277503","weight":"0.5"},{"user_id":"16037760","weight":"0.5"},{"user_id":"15885641","weight":"0.5"},{"user_id":"15883024","weight":"0.5"},{"user_id":"15711122","weight":"0.5"},{"user_id":"15268434","weight":"0.5"},{"user_id":"14836890","weight":"0.5"},{"user_id":"14768279","weight":"0.5"},{"user_id":"14713212","weight":"0.5"},{"user_id":"14463006","weight":"0.5"},{"user_id":"14131521","weight":"0.5"},{"user_id":"126474073","weight":"0.5"},{"user_id":"126286606","weight":"0.5"},{"user_id":"126023056","weight":"0.5"},{"user_id":"125742502","weight":"0.5"},{"user_id":"125357472","weight":"0.5"},{"user_id":"125266192","weight":"0.5"},{"user_id":"125217155","weight":"0.5"},{"user_id":"124992426","weight":"0.5"},{"user_id":"117792133","weight":"0.5"},{"user_id":"117916091","weight":"0.5"},{"user_id":"118151952","weight":"0.5"},{"user_id":"118261163","weight":"0.5"},{"user_id":"118717470","weight":"0.5"},{"user_id":"119674036","weight":"0.5"},{"user_id":"119822485","weight":"0.5"},{"user_id":"120104850","weight":"0.5"},{"user_id":"120197116","weight":"0.5"},{"user_id":"120302630","weight":"0.5"},{"user_id":"120321663","weight":"0.5"},{"user_id":"120331619","weight":"0.5"},{"user_id":"120479053","weight":"0.5"},{"user_id":"120485008","weight":"0.5"},{"user_id":"120554305","weight":"0.5"},{"user_id":"120600282","weight":"0.5"},{"user_id":"120607786","weight":"0.5"},{"user_id":"120761722","weight":"0.5"},{"user_id":"120784671","weight":"0.5"},{"user_id":"120867147","weight":"0.5"},{"user_id":"120905815","weight":"0.5"},{"user_id":"121008269","weight":"0.5"},{"user_id":"121398713","weight":"0.5"},{"user_id":"121491471","weight":"0.5"},{"user_id":"121572088","weight":"0.5"},{"user_id":"121619711","weight":"0.5"},{"user_id":"121655207","weight":"0.5"},{"user_id":"121772920","weight":"0.5"},{"user_id":"121808182","weight":"0.5"},{"user_id":"121828727","weight":"0.5"},{"user_id":"121953362","weight":"0.5"},{"user_id":"122151621","weight":"0.5"},{"user_id":"122261716","weight":"0.5"},{"user_id":"122276831","weight":"0.5"},{"user_id":"122476381","weight":"0.5"},{"user_id":"122838240","weight":"0.5"},{"user_id":"123034578","weight":"0.5"},{"user_id":"123116571","weight":"0.5"},{"user_id":"99227400","weight":"0.5"},{"user_id":"98918780","weight":"0.5"},{"user_id":"96125321","weight":"0.5"},{"user_id":"94577052","weight":"0.5"},{"user_id":"88724566","weight":"0.5"},{"user_id":"123301310","weight":"0.5"},{"user_id":"88442165","weight":"0.5"},{"user_id":"86779745","weight":"0.5"},{"user_id":"86487271","weight":"0.5"},{"user_id":"85028911","weight":"0.5"},{"user_id":"83551457","weight":"0.5"},{"user_id":"82903868","weight":"0.5"},{"user_id":"82604516","weight":"0.5"},{"user_id":"79818956","weight":"0.5"}]}
348	{"screen_name":"banuffin","user_id":"348","strong_links":[{"user_id":"403","weight":"0.75"},{"user_id":"14","weight":"0.75"},{"user_id":"12","weight":"0.75"},{"user_id":"11755212","weight":"0.75"},{"user_id":"69172089","weight":"0.5"},{"user_id":"69263499","weight":"0.5"},{"user_id":"99682263","weight":"0.5"},{"user_id":"99642505","weight":"0.5"},{"user_id":"99227400","weight":"0.5"},{"user_id":"99201750","weight":"0.5"},{"user_id":"98747822","weight":"0.5"},{"user_id":"9872972","weight":"0.5"},{"user_id":"98710939","weight":"0.5"},{"user_id":"98544303","weight":"0.5"},{"user_id":"97824188","weight":"0.5"},{"user_id":"9758912","weight":"0.5"},{"user_id":"9758892","weight":"0.5"},{"user_id":"97421147","weight":"0.5"},{"user_id":"9733422","weight":"0.5"},{"user_id":"9726792","weight":"0.5"},{"user_id":"97183329","weight":"0.5"},{"user_id":"97017798","weight":"0.5"},{"user_id":"96306094","weight":"0.5"},{"user_id":"96172710","weight":"0.5"},{"user_id":"960021","weight":"0.5"},{"user_id":"9592212","weight":"0.5"},{"user_id":"95909628","weight":"0.5"},{"user_id":"95864255","weight":"0.5"},{"user_id":"95846509","weight":"0.5"},{"user_id":"95587004","weight":"0.5"},{"user_id":"95498312","weight":"0.5"},{"user_id":"95422367","weight":"0.5"},{"user_id":"94841559","weight":"0.5"},{"user_id":"94036443","weight":"0.5"},{"user_id":"92422617","weight":"0.5"},{"user_id":"92112252","weight":"0.5"},{"user_id":"92042363","weight":"0.5"},{"user_id":"9180632","weight":"0.5"},{"user_id":"917191","weight":"0.5"},{"user_id":"90979028","weight":"0.5"},{"user_id":"90712490","weight":"0.5"},{"user_id":"90670580","weight":"0.5"},{"user_id":"90134609","weight":"0.5"},{"user_id":"89344994","weight":"0.5"},{"user_id":"89155149","weight":"0.5"},{"user_id":"88724566","weight":"0.5"},{"user_id":"88630047","weight":"0.5"},{"user_id":"88427631","weight":"0.5"},{"user_id":"87972160","weight":"0.5"},{"user_id":"87872764","weight":"0.5"},{"user_id":"87781842","weight":"0.5"},{"user_id":"87658791","weight":"0.5"},{"user_id":"87420779","weight":"0.5"},{"user_id":"87344193","weight":"0.5"},{"user_id":"8716782","weight":"0.5"},{"user_id":"87125805","weight":"0.5"},{"user_id":"86816804","weight":"0.5"},{"user_id":"86779745","weight":"0.5"},{"user_id":"8654602","weight":"0.5"},{"user_id":"85932517","weight":"0.5"},{"user_id":"85318648","weight":"0.5"},{"user_id":"85052183","weight":"0.5"},{"user_id":"85003952","weight":"0.5"},{"user_id":"84740602","weight":"0.5"},{"user_id":"84723777","weight":"0.5"},{"user_id":"83956566","weight":"0.5"},{"user_id":"83793254","weight":"0.5"},{"user_id":"83774916","weight":"0.5"},{"user_id":"83646341","weight":"0.5"},{"user_id":"83106548","weight":"0.5"},{"user_id":"83077422","weight":"0.5"},{"user_id":"8303112","weight":"0.5"},{"user_id":"82797915","weight":"0.5"},{"user_id":"8249972","weight":"0.5"},{"user_id":"82390992","weight":"0.5"},{"user_id":"82337309","weight":"0.5"},{"user_id":"82334901","weight":"0.5"},{"user_id":"81506550","weight":"0.5"},{"user_id":"81109984","weight":"0.5"},{"user_id":"81069819","weight":"0.5"},{"user_id":"80845163","weight":"0.5"},{"user_id":"803324","weight":"0.5"},{"user_id":"80233752","weight":"0.5"},{"user_id":"80212230","weight":"0.5"},{"user_id":"80189306","weight":"0.5"},{"user_id":"8012032","weight":"0.5"},{"user_id":"79990493","weight":"0.5"},{"user_id":"7966812","weight":"0.5"},{"user_id":"7962562","weight":"0.5"},{"user_id":"79489581","weight":"0.5"},{"user_id":"79283","weight":"0.5"},{"user_id":"78841636","weight":"0.5"},{"user_id":"78661097","weight":"0.5"},{"user_id":"7854072","weight":"0.5"},{"user_id":"78485489","weight":"0.5"},{"user_id":"78067837","weight":"0.5"},{"user_id":"77845731","weight":"0.5"},{"user_id":"77827598","weight":"0.5"},{"user_id":"77542132","weight":"0.5"},{"user_id":"77539824","weight":"0.5"}]}
464	{"screen_name":"Amy1","user_id":"464","strong_links":[{"user_id":"58905280","weight":"0.5"},{"user_id":"67290676","weight":"0.5"},{"user_id":"116114069","weight":"0.5"},{"user_id":"111823154","weight":"0.5"},{"user_id":"123686892","weight":"0.5"},{"user_id":"106449910","weight":"0.5"},{"user_id":"15885641","weight":"0.5"},{"user_id":"67923543","weight":"0.5"},{"user_id":"109890897","weight":"0.5"},{"user_id":"99227400","weight":"0.5"},{"user_id":"122727201","weight":"0.5"},{"user_id":"123034578","weight":"0.5"},{"user_id":"124244550","weight":"0.5"},{"user_id":"60128008","weight":"0.5"},{"user_id":"119674036","weight":"0.5"},{"user_id":"14713212","weight":"0.5"},{"user_id":"16277503","weight":"0.5"},{"user_id":"120104850","weight":"0.5"},{"user_id":"14836890","weight":"0.5"},{"user_id":"24782409","weight":"0.5"},{"user_id":"116850976","weight":"0.5"},{"user_id":"15711122","weight":"0.5"},{"user_id":"28338350","weight":"0.5"},{"user_id":"29505348","weight":"0.5"},{"user_id":"35006947","weight":"0.5"},{"user_id":"124773686","weight":"0.5"},{"user_id":"17813922","weight":"0.5"},{"user_id":"120867147","weight":"0.5"},{"user_id":"42214801","weight":"0.5"},{"user_id":"18491163","weight":"0.5"},{"user_id":"121491471","weight":"0.5"},{"user_id":"19489341","weight":"0.5"},{"user_id":"62484936","weight":"0.5"},{"user_id":"109810697","weight":"0.5"},{"user_id":"48137804","weight":"0.5"},{"user_id":"125155104","weight":"0.5"},{"user_id":"49910975","weight":"0.5"},{"user_id":"65527016","weight":"0.5"},{"user_id":"126286606","weight":"0.5"},{"user_id":"50604506","weight":"0.5"},{"user_id":"15832886","weight":"0.5"},{"user_id":"123986028","weight":"0.5"},{"user_id":"120479053","weight":"0.5"},{"user_id":"120197116","weight":"0.5"},{"user_id":"51102326","weight":"0.5"},{"user_id":"124060840","weight":"0.5"},{"user_id":"120321663","weight":"0.5"},{"user_id":"115144435","weight":"0.5"},{"user_id":"122476381","weight":"0.5"},{"user_id":"460","weight":"0.25"}]}
580	{"screen_name":"kokwai","user_id":"580","strong_links":[{"user_id":"18160162","weight":"0.75"},{"user_id":"6714692","weight":"0.25"},{"user_id":"19002481","weight":"0.25"},{"user_id":"6356242","weight":"0.25"},{"user_id":"55410332","weight":"0.25"},{"user_id":"50090898","weight":"0.25"},{"user_id":"48029502","weight":"0.25"},{"user_id":"45351686","weight":"0.25"},{"user_id":"40826501","weight":"0.25"},{"user_id":"39452658","weight":"0.25"},{"user_id":"39169783","weight":"0.25"},{"user_id":"38267947","weight":"0.25"},{"user_id":"34895482","weight":"0.25"},{"user_id":"31092125","weight":"0.25"},{"user_id":"29498906","weight":"0.25"},{"user_id":"27593766","weight":"0.25"},{"user_id":"26803728","weight":"0.25"},{"user_id":"22594051","weight":"0.25"},{"user_id":"1968511","weight":"0.25"},{"user_id":"15142076","weight":"0.25"},{"user_id":"17003765","weight":"0.25"},{"user_id":"74969108","weight":"0.25"},{"user_id":"8552342","weight":"0.25"},{"user_id":"15166928","weight":"0.25"},{"user_id":"14273672","weight":"0.25"},{"user_id":"18780567","weight":"0.25"},{"user_id":"14259071","weight":"0.25"},{"user_id":"17940246","weight":"0.25"},{"user_id":"7345252","weight":"0.25"},{"user_id":"15813140","weight":"0.25"}]}
696	{"screen_name":"MayankKumar","user_id":"696","strong_links":[{"user_id":"113708441","weight":"0.5"},{"user_id":"109890897","weight":"0.5"},{"user_id":"48137804","weight":"0.5"},{"user_id":"39839399","weight":"0.5"},{"user_id":"76399791","weight":"0.5"},{"user_id":"67923543","weight":"0.5"},{"user_id":"106633189","weight":"0.5"},{"user_id":"122018204","weight":"0.5"},{"user_id":"38932795","weight":"0.5"},{"user_id":"122476381","weight":"0.5"},{"user_id":"35006947","weight":"0.5"},{"user_id":"67290676","weight":"0.5"},{"user_id":"123424988","weight":"0.5"},{"user_id":"124773686","weight":"0.5"},{"user_id":"28338350","weight":"0.5"},{"user_id":"121260406","weight":"0.5"},{"user_id":"120479053","weight":"0.5"},{"user_id":"120321663","weight":"0.5"},{"user_id":"14226981","weight":"0.5"},{"user_id":"112040233","weight":"0.5"},{"user_id":"122261716","weight":"0.5"},{"user_id":"120104850","weight":"0.5"},{"user_id":"14713212","weight":"0.5"},{"user_id":"24782409","weight":"0.5"},{"user_id":"19489341","weight":"0.5"},{"user_id":"119674036","weight":"0.5"},{"user_id":"66636546","weight":"0.5"},{"user_id":"49919689","weight":"0.5"},{"user_id":"14836890","weight":"0.5"},{"user_id":"114578446","weight":"0.5"},{"user_id":"15464324","weight":"0.5"},{"user_id":"16277503","weight":"0.5"}]}
754	{"screen_name":"superc","user_id":"754","strong_links":[{"user_id":"17846690","weight":"1.7071068"},{"user_id":"17549489","weight":"1.25"},{"user_id":"33007799","weight":"1.25"},{"user_id":"13004962","weight":"1.0"},{"user_id":"14300286","weight":"0.75"},{"user_id":"14132534","weight":"0.75"},{"user_id":"19744794","weight":"0.75"},{"user_id":"27562530","weight":"0.75"},{"user_id":"29759155","weight":"0.75"},{"user_id":"38532007","weight":"0.75"},{"user_id":"38705350","weight":"0.75"},{"user_id":"40338788","weight":"0.75"},{"user_id":"6981492","weight":"0.75"},{"user_id":"81630260","weight":"0.75"},{"user_id":"17703717","weight":"0.75"},{"user_id":"15244957","weight":"0.75"},{"user_id":"15633995","weight":"0.75"},{"user_id":"125807641","weight":"0.70710677"},{"user_id":"809760","weight":"0.625"},{"user_id":"15016691","weight":"0.5"},{"user_id":"14836890","weight":"0.5"},{"user_id":"14671485","weight":"0.5"},{"user_id":"14668147","weight":"0.5"},{"user_id":"14509998","weight":"0.5"},{"user_id":"14435474","weight":"0.5"},{"user_id":"14423929","weight":"0.5"},{"user_id":"13456602","weight":"0.5"},{"user_id":"12760622","weight":"0.5"},{"user_id":"11231302","weight":"0.5"},{"user_id":"109890897","weight":"0.5"},{"user_id":"107212541","weight":"0.5"},{"user_id":"14911154","weight":"0.5"},{"user_id":"9420092","weight":"0.5"},{"user_id":"89930634","weight":"0.5"},{"user_id":"82212801","weight":"0.5"},{"user_id":"75176323","weight":"0.5"},{"user_id":"7513452","weight":"0.5"},{"user_id":"73034253","weight":"0.5"},{"user_id":"72294029","weight":"0.5"},{"user_id":"69938351","weight":"0.5"},{"user_id":"67923543","weight":"0.5"},{"user_id":"67290676","weight":"0.5"},{"user_id":"56420138","weight":"0.5"},{"user_id":"54884224","weight":"0.5"},{"user_id":"50850431","weight":"0.5"},{"user_id":"50598550","weight":"0.5"},{"user_id":"50598002","weight":"0.5"},{"user_id":"50577997","weight":"0.5"},{"user_id":"46325998","weight":"0.5"},{"user_id":"43325274","weight":"0.5"},{"user_id":"37563168","weight":"0.5"},{"user_id":"35006947","weight":"0.5"},{"user_id":"28366317","weight":"0.5"},{"user_id":"28338350","weight":"0.5"},{"user_id":"25862453","weight":"0.5"},{"user_id":"25780681","weight":"0.5"},{"user_id":"24925015","weight":"0.5"},{"user_id":"23785337","weight":"0.5"},{"user_id":"22248848","weight":"0.5"},{"user_id":"20823521","weight":"0.5"},{"user_id":"19489341","weight":"0.5"},{"user_id":"16277503","weight":"0.5"},{"user_id":"15973998","weight":"0.5"},{"user_id":"15707717","weight":"0.5"},{"user_id":"15686316","weight":"0.5"},{"user_id":"15451155","weight":"0.5"},{"user_id":"15431563","weight":"0.5"},{"user_id":"15398885","weight":"0.5"},{"user_id":"15356193","weight":"0.5"},{"user_id":"15195906","weight":"0.5"},{"user_id":"15178499","weight":"0.5"},{"user_id":"15124348","weight":"0.5"},{"user_id":"14677919","weight":"0.25"},{"user_id":"1305941","weight":"0.25"},{"user_id":"1124861","weight":"0.25"},{"user_id":"62581962","weight":"0.25"},{"user_id":"639643","weight":"0.25"},{"user_id":"643443","weight":"0.25"},{"user_id":"68810491","weight":"0.25"},{"user_id":"18032583","weight":"0.25"},{"user_id":"18396070","weight":"0.25"},{"user_id":"749243","weight":"0.25"},{"user_id":"90420314","weight":"0.25"},{"user_id":"39885408","weight":"0.25"},{"user_id":"14773506","weight":"0.25"},{"user_id":"448","weight":"0.25"},{"user_id":"46279940","weight":"0.25"},{"user_id":"151933","weight":"0.25"},{"user_id":"22461427","weight":"0.25"},{"user_id":"1471021","weight":"0.25"},{"user_id":"24732131","weight":"0.0"},{"user_id":"26544168","weight":"0.0"}]}
812	{"screen_name":"AsheeshB","user_id":"812","strong_links":[{"user_id":"19489341","weight":"0.5"},{"user_id":"21865168","weight":"0.5"},{"user_id":"28338350","weight":"0.5"},{"user_id":"30486436","weight":"0.5"},{"user_id":"35006947","weight":"0.5"},{"user_id":"37610900","weight":"0.5"},{"user_id":"41080533","weight":"0.5"},{"user_id":"67290676","weight":"0.5"},{"user_id":"67923543","weight":"0.5"},{"user_id":"77839275","weight":"0.5"},{"user_id":"21082337","weight":"0.5"},{"user_id":"102933334","weight":"0.5"},{"user_id":"109890897","weight":"0.5"},{"user_id":"11321732","weight":"0.5"},{"user_id":"120479053","weight":"0.5"},{"user_id":"120867147","weight":"0.5"},{"user_id":"122276831","weight":"0.5"},{"user_id":"123686892","weight":"0.5"},{"user_id":"14158111","weight":"0.5"},{"user_id":"14235693","weight":"0.5"},{"user_id":"14836890","weight":"0.5"},{"user_id":"16277503","weight":"0.5"},{"user_id":"16893005","weight":"0.5"},{"user_id":"17794879","weight":"0.5"}]}
928	{"screen_name":"necrodome","user_id":"928","strong_links":[{"user_id":"7773612","weight":"1.25"},{"user_id":"11797172","weight":"1.0"},{"user_id":"15278264","weight":"1.0"},{"user_id":"1950251","weight":"0.75"},{"user_id":"8805922","weight":"0.75"},{"user_id":"11406742","weight":"0.75"},{"user_id":"11340982","weight":"0.75"},{"user_id":"1772451","weight":"0.75"},{"user_id":"45421315","weight":"0.75"},{"user_id":"17731679","weight":"0.75"},{"user_id":"680493","weight":"0.75"},{"user_id":"16380973","weight":"0.75"},{"user_id":"16476741","weight":"0.75"},{"user_id":"1029921","weight":"0.75"},{"user_id":"713263","weight":"0.75"},{"user_id":"14377972","weight":"0.75"},{"user_id":"717233","weight":"0.75"},{"user_id":"7277192","weight":"0.75"},{"user_id":"1155401","weight":"0.75"},{"user_id":"1845","weight":"0.75"},{"user_id":"74973","weight":"0.75"},{"user_id":"5252301","weight":"0.75"},{"user_id":"17058191","weight":"0.75"},{"user_id":"17336474","weight":"0.75"},{"user_id":"4216361","weight":"0.75"},{"user_id":"15445679","weight":"0.75"},{"user_id":"42889603","weight":"0.75"},{"user_id":"8573282","weight":"0.75"},{"user_id":"23746537","weight":"0.75"},{"user_id":"7828682","weight":"0.75"},{"user_id":"14762756","weight":"0.5"},{"user_id":"9893142","weight":"0.5"},{"user_id":"9953162","weight":"0.5"},{"user_id":"14796936","weight":"0.5"},{"user_id":"14800173","weight":"0.5"},{"user_id":"14819541","weight":"0.5"},{"user_id":"14831121","weight":"0.5"},{"user_id":"14836890","weight":"0.5"},{"user_id":"14867828","weight":"0.5"},{"user_id":"14884370","weight":"0.5"},{"user_id":"14776551","weight":"0.5"},{"user_id":"14911631","weight":"0.5"},{"user_id":"14952009","weight":"0.5"},{"user_id":"14961362","weight":"0.5"},{"user_id":"14777228","weight":"0.5"},{"user_id":"14984654","weight":"0.5"},{"user_id":"14986311","weight":"0.5"},{"user_id":"14998224","weight":"0.5"},{"user_id":"14999286","weight":"0.5"},{"user_id":"14742240","weight":"0.5"},{"user_id":"14695985","weight":"0.5"},{"user_id":"14687076","weight":"0.5"},{"user_id":"14687070","weight":"0.5"},{"user_id":"14680594","weight":"0.5"},{"user_id":"14676814","weight":"0.5"},{"user_id":"14649985","weight":"0.5"},{"user_id":"14649354","weight":"0.5"},{"user_id":"14648399","weight":"0.5"},{"user_id":"14593177","weight":"0.5"},{"user_id":"14588083","weight":"0.5"},{"user_id":"14585183","weight":"0.5"},{"user_id":"14574265","weight":"0.5"},{"user_id":"14563260","weight":"0.5"},{"user_id":"14549299","weight":"0.5"},{"user_id":"14540638","weight":"0.5"},{"user_id":"14527232","weight":"0.5"},{"user_id":"14513239","weight":"0.5"},{"user_id":"14502574","weight":"0.5"},{"user_id":"14494677","weight":"0.5"},{"user_id":"14488982","weight":"0.5"},{"user_id":"14469694","weight":"0.5"},{"user_id":"14458637","weight":"0.5"},{"user_id":"14435891","weight":"0.5"},{"user_id":"14435332","weight":"0.5"},{"user_id":"14427005","weight":"0.5"},{"user_id":"14426301","weight":"0.5"},{"user_id":"14424415","weight":"0.5"},{"user_id":"14423603","weight":"0.5"},{"user_id":"14409089","weight":"0.5"},{"user_id":"14407617","weight":"0.5"},{"user_id":"14398768","weight":"0.5"},{"user_id":"14395070","weight":"0.5"},{"user_id":"14391438","weight":"0.5"},{"user_id":"14390111","weight":"0.5"},{"user_id":"14388152","weight":"0.5"},{"user_id":"14378343","weight":"0.5"},{"user_id":"14368892","weight":"0.5"},{"user_id":"14367500","weight":"0.5"},{"user_id":"14358384","weight":"0.5"},{"user_id":"14356076","weight":"0.5"},{"user_id":"14352197","weight":"0.5"},{"user_id":"14349687","weight":"0.5"},{"user_id":"14343596","weight":"0.5"},{"user_id":"14332629","weight":"0.5"},{"user_id":"14331285","weight":"0.5"},{"user_id":"14331084","weight":"0.5"},{"user_id":"14328574","weight":"0.5"},{"user_id":"14315275","weight":"0.5"},{"user_id":"14314694","weight":"0.5"},{"user_id":"14312803","weight":"0.5"}]}
1044	{"screen_name":"Adina","user_id":"1044","strong_links":[{"user_id":"13849432","weight":"0.70710677"},{"user_id":"8000612","weight":"0.5"},{"user_id":"14179769","weight":"0.5"},{"user_id":"49735550","weight":"0.5"},{"user_id":"545463","weight":"0.5"},{"user_id":"78520710","weight":"0.5"},{"user_id":"77613622","weight":"0.5"},{"user_id":"72273092","weight":"0.5"},{"user_id":"49480121","weight":"0.5"},{"user_id":"25604656","weight":"0.5"},{"user_id":"67923543","weight":"0.5"},{"user_id":"24296019","weight":"0.5"},{"user_id":"48246227","weight":"0.5"},{"user_id":"6767112","weight":"0.5"},{"user_id":"22589136","weight":"0.5"},{"user_id":"66636546","weight":"0.5"},{"user_id":"14166387","weight":"0.5"},{"user_id":"22423078","weight":"0.5"},{"user_id":"12667242","weight":"0.5"},{"user_id":"12661582","weight":"0.5"},{"user_id":"21954779","weight":"0.5"},{"user_id":"12534022","weight":"0.5"},{"user_id":"123034578","weight":"0.5"},{"user_id":"54330595","weight":"0.5"},{"user_id":"122476381","weight":"0.5"},{"user_id":"121572088","weight":"0.5"},{"user_id":"21247157","weight":"0.5"},{"user_id":"20902970","weight":"0.5"},{"user_id":"120784671","weight":"0.5"},{"user_id":"20589573","weight":"0.5"},{"user_id":"20167166","weight":"0.5"},{"user_id":"99227400","weight":"0.5"},{"user_id":"120761722","weight":"0.5"},{"user_id":"8806982","weight":"0.5"},{"user_id":"85980736","weight":"0.5"},{"user_id":"19489341","weight":"0.5"},{"user_id":"19470205","weight":"0.5"},{"user_id":"62648164","weight":"0.5"},{"user_id":"62484936","weight":"0.5"},{"user_id":"18948532","weight":"0.5"},{"user_id":"5972932","weight":"0.5"},{"user_id":"120321663","weight":"0.5"},{"user_id":"120197116","weight":"0.5"},{"user_id":"115144435","weight":"0.5"},{"user_id":"51102326","weight":"0.5"},{"user_id":"18272146","weight":"0.5"},{"user_id":"8204602","weight":"0.5"},{"user_id":"11439552","weight":"0.5"},{"user_id":"18003646","weight":"0.5"},{"user_id":"109890897","weight":"0.5"},{"user_id":"17904110","weight":"0.5"},{"user_id":"104722814","weight":"0.5"},{"user_id":"17427108","weight":"0.5"},{"user_id":"58792089","weight":"0.5"},{"user_id":"58595100","weight":"0.5"},{"user_id":"4602","weight":"0.5"},{"user_id":"17262488","weight":"0.5"},{"user_id":"17113227","weight":"0.5"},{"user_id":"16557755","weight":"0.5"},{"user_id":"15903689","weight":"0.5"},{"user_id":"15438784","weight":"0.5"},{"user_id":"91077750","weight":"0.5"},{"user_id":"57300912","weight":"0.5"},{"user_id":"15373946","weight":"0.5"},{"user_id":"15353950","weight":"0.5"},{"user_id":"15239881","weight":"0.5"},{"user_id":"45073303","weight":"0.5"},{"user_id":"14955615","weight":"0.5"},{"user_id":"43508729","weight":"0.5"},{"user_id":"14634832","weight":"0.5"},{"user_id":"145282565","weight":"0.5"},{"user_id":"56395362","weight":"0.5"},{"user_id":"41047173","weight":"0.5"},{"user_id":"14298098","weight":"0.5"},{"user_id":"14251712","weight":"0.5"},{"user_id":"3114611","weight":"0.5"},{"user_id":"81474784","weight":"0.5"},{"user_id":"28338350","weight":"0.5"},{"user_id":"28137830","weight":"0.5"},{"user_id":"649","weight":"0.0"},{"user_id":"19652383","weight":"0.0"},{"user_id":"1192","weight":"0.0"}]}
1102	{"screen_name":"davidu","user_id":"1102","strong_links":[{"user_id":"14076632","weight":"4.2685986"},{"user_id":"608833","weight":"3.3935986"},{"user_id":"5668942","weight":"3.0728757"},{"user_id":"2087241","weight":"2.9571068"},{"user_id":"107","weight":"2.9478757"},{"user_id":"624683","weight":"2.7799823"},{"user_id":"7160752","weight":"2.7048612"},{"user_id":"7863872","weight":"2.6818516"},{"user_id":"4807031","weight":"2.6318927"},{"user_id":"13003022","weight":"2.618034"},{"user_id":"10742502","weight":"2.5945787"},{"user_id":"3751441","weight":"2.5058885"},{"user_id":"17891000","weight":"2.5"},{"user_id":"14213416","weight":"2.4715874"},{"user_id":"17054216","weight":"2.4077575"},{"user_id":"16190104","weight":"2.375"},{"user_id":"47083","weight":"2.368034"},{"user_id":"14253947","weight":"2.3535533"},{"user_id":"8847052","weight":"2.309017"},{"user_id":"2529971","weight":"2.3000424"},{"user_id":"689273","weight":"2.2859855"},{"user_id":"14413529","weight":"2.2651196"},{"user_id":"3382","weight":"2.2651196"},{"user_id":"13737","weight":"2.1856601"},{"user_id":"816653","weight":"2.1338835"},{"user_id":"19201190","weight":"2.118034"},{"user_id":"4423611","weight":"2.1160254"},{"user_id":"1052961","weight":"2.1160254"},{"user_id":"14627453","weight":"2.1035533"},{"user_id":"4087691","weight":"2.1035533"},{"user_id":"14310666","weight":"2.0945787"},{"user_id":"989","weight":"2.0606601"},{"user_id":"767","weight":"2.0606601"},{"user_id":"6121912","weight":"2.0490382"},{"user_id":"5773662","weight":"2.0151196"},{"user_id":"1103","weight":"2.0"},{"user_id":"833071","weight":"1.9747449"},{"user_id":"460493","weight":"1.9695787"},{"user_id":"11651502","weight":"1.9695787"},{"user_id":"14189409","weight":"1.9695787"},{"user_id":"15675955","weight":"1.9695787"},{"user_id":"755178","weight":"1.9695787"},{"user_id":"8917142","weight":"1.9695787"},{"user_id":"13972932","weight":"1.9571068"},{"user_id":"19502601","weight":"1.9571068"},{"user_id":"2172","weight":"1.9114379"},{"user_id":"18713","weight":"1.8901194"},{"user_id":"631503","weight":"1.868034"},{"user_id":"14086134","weight":"1.8660254"},{"user_id":"19350861","weight":"1.8660254"},{"user_id":"15847480","weight":"1.8623724"},{"user_id":"18483805","weight":"1.8106601"},{"user_id":"16695486","weight":"1.8106601"},{"user_id":"13025902","weight":"1.8106601"},{"user_id":"690943","weight":"1.8106601"},{"user_id":"9438662","weight":"1.799038"},{"user_id":"8292352","weight":"1.75"},{"user_id":"18243723","weight":"1.7285534"},{"user_id":"17076305","weight":"1.7285534"},{"user_id":"9729502","weight":"1.7285534"},{"user_id":"14200886","weight":"1.7071068"},{"user_id":"689973","weight":"1.7071068"},{"user_id":"63316199","weight":"1.7071068"},{"user_id":"14959562","weight":"1.7071068"},{"user_id":"14130691","weight":"1.7071068"},{"user_id":"6151792","weight":"1.7071068"},{"user_id":"722493","weight":"1.7071068"},{"user_id":"10609","weight":"1.6830127"},{"user_id":"1102","weight":"1.677051"},{"user_id":"24775410","weight":"1.625"},{"user_id":"15746053","weight":"1.625"},{"user_id":"20206632","weight":"1.618034"},{"user_id":"77195610","weight":"1.6160254"},{"user_id":"11623","weight":"1.6160254"},{"user_id":"662773","weight":"1.6160254"},{"user_id":"18372240","weight":"1.6160254"},{"user_id":"49793","weight":"1.6035534"},{"user_id":"11422","weight":"1.6035534"},{"user_id":"785449","weight":"1.6035534"},{"user_id":"27068836","weight":"1.6035534"},{"user_id":"586","weight":"1.549038"},{"user_id":"1536811","weight":"1.5"},{"user_id":"13590972","weight":"1.5"},{"user_id":"5809602","weight":"1.5"},{"user_id":"18088946","weight":"1.5"},{"user_id":"19681624","weight":"1.5"},{"user_id":"14979581","weight":"1.5"},{"user_id":"632023","weight":"1.5"},{"user_id":"18773642","weight":"1.5"},{"user_id":"11548622","weight":"1.5"},{"user_id":"48053","weight":"1.5"},{"user_id":"9509052","weight":"1.5"},{"user_id":"15441248","weight":"1.5"},{"user_id":"8502122","weight":"1.5"},{"user_id":"5451632","weight":"1.5"},{"user_id":"11271222","weight":"1.5"},{"user_id":"8261382","weight":"1.5"},{"user_id":"13378422","weight":"1.5"},{"user_id":"1186","weight":"1.4571068"},{"user_id":"12291172","weight":"1.4571068"}]}
1160	{"screen_name":"Emma","user_id":"1160","strong_links":[{"user_id":"141081120","weight":"0.8660254"},{"user_id":"43604160","weight":"0.75"},{"user_id":"22377112","weight":"0.75"},{"user_id":"129346929","weight":"0.70710677"},{"user_id":"16310427","weight":"0.70710677"},{"user_id":"15531997","weight":"0.70710677"},{"user_id":"54417924","weight":"0.5"},{"user_id":"54002466","weight":"0.5"},{"user_id":"100287435","weight":"0.5"},{"user_id":"101343379","weight":"0.5"},{"user_id":"102559436","weight":"0.5"},{"user_id":"103142193","weight":"0.5"},{"user_id":"103239175","weight":"0.5"},{"user_id":"103695290","weight":"0.5"},{"user_id":"103812839","weight":"0.5"},{"user_id":"103935262","weight":"0.5"},{"user_id":"104010758","weight":"0.5"},{"user_id":"104322865","weight":"0.5"},{"user_id":"104943486","weight":"0.5"},{"user_id":"105529983","weight":"0.5"},{"user_id":"106739467","weight":"0.5"},{"user_id":"107757784","weight":"0.5"},{"user_id":"108107928","weight":"0.5"},{"user_id":"108266661","weight":"0.5"},{"user_id":"109449573","weight":"0.5"},{"user_id":"109540614","weight":"0.5"},{"user_id":"109810697","weight":"0.5"},{"user_id":"109890897","weight":"0.5"},{"user_id":"110157630","weight":"0.5"},{"user_id":"111236757","weight":"0.5"},{"user_id":"112018857","weight":"0.5"},{"user_id":"114210825","weight":"0.5"},{"user_id":"116997653","weight":"0.5"},{"user_id":"117954964","weight":"0.5"},{"user_id":"119220623","weight":"0.5"},{"user_id":"120231537","weight":"0.5"},{"user_id":"120321663","weight":"0.5"},{"user_id":"120784671","weight":"0.5"},{"user_id":"120791210","weight":"0.5"},{"user_id":"120867147","weight":"0.5"},{"user_id":"120879625","weight":"0.5"},{"user_id":"120895418","weight":"0.5"},{"user_id":"121572088","weight":"0.5"},{"user_id":"122607843","weight":"0.5"},{"user_id":"122617983","weight":"0.5"},{"user_id":"123034578","weight":"0.5"},{"user_id":"123336858","weight":"0.5"},{"user_id":"123357979","weight":"0.5"},{"user_id":"124469602","weight":"0.5"},{"user_id":"125147810","weight":"0.5"},{"user_id":"125402086","weight":"0.5"},{"user_id":"125425241","weight":"0.5"},{"user_id":"126628430","weight":"0.5"},{"user_id":"128029351","weight":"0.5"},{"user_id":"128686297","weight":"0.5"},{"user_id":"130600134","weight":"0.5"},{"user_id":"131291984","weight":"0.5"},{"user_id":"13298142","weight":"0.5"},{"user_id":"134268109","weight":"0.5"},{"user_id":"134406108","weight":"0.5"},{"user_id":"134695281","weight":"0.5"},{"user_id":"135499345","weight":"0.5"},{"user_id":"135641142","weight":"0.5"},{"user_id":"136031465","weight":"0.5"},{"user_id":"136777744","weight":"0.5"},{"user_id":"138370779","weight":"0.5"},{"user_id":"14261459","weight":"0.5"},{"user_id":"14275394","weight":"0.5"},{"user_id":"14383817","weight":"0.5"},{"user_id":"14665141","weight":"0.5"},{"user_id":"14785535","weight":"0.5"},{"user_id":"15249707","weight":"0.5"},{"user_id":"15391377","weight":"0.5"},{"user_id":"15438784","weight":"0.5"},{"user_id":"15494882","weight":"0.5"},{"user_id":"15675138","weight":"0.5"},{"user_id":"15827557","weight":"0.5"},{"user_id":"15922065","weight":"0.5"},{"user_id":"16100318","weight":"0.5"},{"user_id":"16192519","weight":"0.5"},{"user_id":"16273152","weight":"0.5"},{"user_id":"16543129","weight":"0.5"},{"user_id":"16596707","weight":"0.5"},{"user_id":"16617845","weight":"0.5"},{"user_id":"16676951","weight":"0.5"},{"user_id":"16823953","weight":"0.5"},{"user_id":"17023746","weight":"0.5"},{"user_id":"17197587","weight":"0.5"},{"user_id":"17752654","weight":"0.5"},{"user_id":"17995309","weight":"0.5"},{"user_id":"18131106","weight":"0.5"},{"user_id":"18266477","weight":"0.5"},{"user_id":"18297329","weight":"0.5"},{"user_id":"18471688","weight":"0.5"},{"user_id":"18489193","weight":"0.5"},{"user_id":"18660511","weight":"0.5"},{"user_id":"18822328","weight":"0.5"},{"user_id":"193753","weight":"0.5"},{"user_id":"19411698","weight":"0.5"},{"user_id":"19423334","weight":"0.5"}]}
1508	{"screen_name":"Groupsite","user_id":"1508","strong_links":[{"user_id":"31794286","weight":"1.75"},{"user_id":"17869400","weight":"1.5"},{"user_id":"899941","weight":"1.5"},{"user_id":"14306648","weight":"1.5"},{"user_id":"33122357","weight":"1.25"},{"user_id":"14369409","weight":"1.0"},{"user_id":"10728152","weight":"1.0"},{"user_id":"10202","weight":"1.0"},{"user_id":"21847496","weight":"1.0"},{"user_id":"1221471","weight":"1.0"},{"user_id":"9404602","weight":"1.0"},{"user_id":"15950107","weight":"1.0"},{"user_id":"16213046","weight":"0.75"},{"user_id":"20942633","weight":"0.75"},{"user_id":"14939056","weight":"0.75"},{"user_id":"3471901","weight":"0.75"},{"user_id":"34767899","weight":"0.75"},{"user_id":"16684279","weight":"0.75"},{"user_id":"9543092","weight":"0.75"},{"user_id":"34974439","weight":"0.75"},{"user_id":"35046271","weight":"0.75"},{"user_id":"35509368","weight":"0.75"},{"user_id":"21233652","weight":"0.75"},{"user_id":"14929948","weight":"0.75"},{"user_id":"14921442","weight":"0.75"},{"user_id":"16682945","weight":"0.75"},{"user_id":"21309133","weight":"0.75"},{"user_id":"14234195","weight":"0.75"},{"user_id":"14228195","weight":"0.75"},{"user_id":"15355801","weight":"0.75"},{"user_id":"21381275","weight":"0.75"},{"user_id":"16182751","weight":"0.75"},{"user_id":"16169213","weight":"0.75"},{"user_id":"15346124","weight":"0.75"},{"user_id":"36699753","weight":"0.75"},{"user_id":"36978565","weight":"0.75"},{"user_id":"21497963","weight":"0.75"},{"user_id":"14221345","weight":"0.75"},{"user_id":"9509942","weight":"0.75"},{"user_id":"14888230","weight":"0.75"},{"user_id":"17214167","weight":"0.75"},{"user_id":"15706633","weight":"0.75"},{"user_id":"16662998","weight":"0.75"},{"user_id":"14202541","weight":"0.75"},{"user_id":"3755471","weight":"0.75"},{"user_id":"37612101","weight":"0.75"},{"user_id":"21636996","weight":"0.75"},{"user_id":"21637422","weight":"0.75"},{"user_id":"9417212","weight":"0.75"},{"user_id":"14875415","weight":"0.75"},{"user_id":"37629636","weight":"0.75"},{"user_id":"3806441","weight":"0.75"},{"user_id":"14189162","weight":"0.75"},{"user_id":"21732742","weight":"0.75"},{"user_id":"3840","weight":"0.75"},{"user_id":"18022517","weight":"0.75"},{"user_id":"21796223","weight":"0.75"},{"user_id":"16139070","weight":"0.75"},{"user_id":"39224209","weight":"0.75"},{"user_id":"39316485","weight":"0.75"},{"user_id":"7930112","weight":"0.75"},{"user_id":"39359833","weight":"0.75"},{"user_id":"21866651","weight":"0.75"},{"user_id":"3975041","weight":"0.75"},{"user_id":"21955291","weight":"0.75"},{"user_id":"40647092","weight":"0.75"},{"user_id":"14863163","weight":"0.75"},{"user_id":"12574492","weight":"0.75"},{"user_id":"41455772","weight":"0.75"},{"user_id":"15322793","weight":"0.75"},{"user_id":"12550912","weight":"0.75"},{"user_id":"16638981","weight":"0.75"},{"user_id":"12465892","weight":"0.75"},{"user_id":"14848956","weight":"0.75"},{"user_id":"9286382","weight":"0.75"},{"user_id":"1239741","weight":"0.75"},{"user_id":"12335","weight":"0.75"},{"user_id":"15315239","weight":"0.75"},{"user_id":"15310747","weight":"0.75"},{"user_id":"14144238","weight":"0.75"},{"user_id":"17471979","weight":"0.75"},{"user_id":"41878926","weight":"0.75"},{"user_id":"12168662","weight":"0.75"},{"user_id":"15302541","weight":"0.75"},{"user_id":"16630362","weight":"0.75"},{"user_id":"42935140","weight":"0.75"},{"user_id":"80670215","weight":"0.75"},{"user_id":"43051574","weight":"0.75"},{"user_id":"14129461","weight":"0.75"},{"user_id":"43327393","weight":"0.75"},{"user_id":"43400896","weight":"0.75"},{"user_id":"14125975","weight":"0.75"},{"user_id":"12055082","weight":"0.75"},{"user_id":"14123933","weight":"0.75"},{"user_id":"15667235","weight":"0.75"},{"user_id":"14120626","weight":"0.75"},{"user_id":"43819648","weight":"0.75"},{"user_id":"17459765","weight":"0.75"},{"user_id":"4387921","weight":"0.75"},{"user_id":"14098566","weight":"0.75"}]}
1624	{"screen_name":"hobronto","user_id":"1624","strong_links":[{"user_id":"10068272","weight":"9.012"},{"user_id":"8346082","weight":"7.2444267"},{"user_id":"13140962","weight":"6.339992"},{"user_id":"14587858","weight":"5.937842"},{"user_id":"1015991","weight":"5.2282166"},{"user_id":"655973","weight":"5.1040297"},{"user_id":"755692","weight":"5.018943"},{"user_id":"9485032","weight":"4.994727"},{"user_id":"14160098","weight":"4.733595"},{"user_id":"1332971","weight":"4.70758"},{"user_id":"25715481","weight":"4.488196"},{"user_id":"16303360","weight":"4.417544"},{"user_id":"15529145","weight":"4.331523"},{"user_id":"14343561","weight":"4.311862"},{"user_id":"14820495","weight":"4.2602882"},{"user_id":"14525741","weight":"4.239331"},{"user_id":"17844735","weight":"4.218345"},{"user_id":"13839042","weight":"4.1925826"},{"user_id":"23900140","weight":"4.155868"},{"user_id":"8291","weight":"4.086673"},{"user_id":"788630","weight":"3.8948412"},{"user_id":"15049576","weight":"3.8940449"},{"user_id":"28001785","weight":"3.8731747"},{"user_id":"15293774","weight":"3.7954748"},{"user_id":"61047531","weight":"3.792711"},{"user_id":"15588971","weight":"3.7445655"},{"user_id":"7433392","weight":"3.7318769"},{"user_id":"16178393","weight":"3.578427"},{"user_id":"16321591","weight":"3.497042"},{"user_id":"27603","weight":"3.465346"},{"user_id":"14948584","weight":"3.4364917"},{"user_id":"784984","weight":"3.393617"},{"user_id":"14255057","weight":"3.3461301"},{"user_id":"19278899","weight":"3.341325"},{"user_id":"1067661","weight":"3.3231685"},{"user_id":"9600","weight":"3.3038414"},{"user_id":"8347042","weight":"3.2641516"},{"user_id":"17375647","weight":"3.25"},{"user_id":"15708493","weight":"3.25"},{"user_id":"1009221","weight":"3.2455087"},{"user_id":"24385069","weight":"3.2357883"},{"user_id":"2305031","weight":"3.2173295"},{"user_id":"18714183","weight":"3.2142134"},{"user_id":"12001742","weight":"3.168801"},{"user_id":"14539341","weight":"3.1213202"},{"user_id":"5906602","weight":"3.1154191"},{"user_id":"37750797","weight":"3.1123724"},{"user_id":"17179778","weight":"3.0527756"},{"user_id":"21156439","weight":"3.041288"},{"user_id":"14081280","weight":"2.9507797"},{"user_id":"19538484","weight":"2.9507797"},{"user_id":"3331751","weight":"2.9478757"},{"user_id":"8205042","weight":"2.9114377"},{"user_id":"15162971","weight":"2.8713202"},{"user_id":"21826697","weight":"2.8472264"},{"user_id":"1041461","weight":"2.8228757"},{"user_id":"6813882","weight":"2.8027756"},{"user_id":"14871478","weight":"2.7799823"},{"user_id":"18156864","weight":"2.767767"},{"user_id":"18436308","weight":"2.7618659"},{"user_id":"6586772","weight":"2.75"},{"user_id":"7815142","weight":"2.7425766"},{"user_id":"39723","weight":"2.7247448"},{"user_id":"10767542","weight":"2.7247448"},{"user_id":"16179257","weight":"2.6577575"},{"user_id":"8007782","weight":"2.6546001"},{"user_id":"15784996","weight":"2.6208286"},{"user_id":"3421591","weight":"2.5751407"},{"user_id":"15685923","weight":"2.5527756"},{"user_id":"17351996","weight":"2.5527756"},{"user_id":"21209796","weight":"2.5294719"},{"user_id":"15591830","weight":"2.5"},{"user_id":"16447116","weight":"2.4843135"},{"user_id":"24381570","weight":"2.4715874"},{"user_id":"4451921","weight":"2.4715874"},{"user_id":"14338137","weight":"2.4571068"},{"user_id":"14538587","weight":"2.4330127"},{"user_id":"14530685","weight":"2.4330127"},{"user_id":"32703341","weight":"2.426429"},{"user_id":"73254800","weight":"2.426429"},{"user_id":"16644460","weight":"2.4083123"},{"user_id":"12060262","weight":"2.4077575"},{"user_id":"15059607","weight":"2.3282983"},{"user_id":"5294212","weight":"2.3282983"},{"user_id":"8150722","weight":"2.309017"},{"user_id":"14494227","weight":"2.2990382"},{"user_id":"779780","weight":"2.2558885"},{"user_id":"17011552","weight":"2.2247448"},{"user_id":"14711355","weight":"2.2247448"},{"user_id":"14143782","weight":"2.2247448"},{"user_id":"1368371","weight":"2.2247448"},{"user_id":"755485","weight":"2.2247448"},{"user_id":"22635922","weight":"2.2247448"},{"user_id":"16407024","weight":"2.2247448"},{"user_id":"14958051","weight":"2.2247448"},{"user_id":"14680173","weight":"2.2071068"},{"user_id":"14433959","weight":"2.1856601"},{"user_id":"16545748","weight":"2.1830127"},{"user_id":"5717512","weight":"2.1750424"},{"user_id":"14752306","weight":"2.1642137"}]}
1972	{"screen_name":"deprimer","user_id":"1972","strong_links":[{"user_id":"1966","weight":"3.103652"},{"user_id":"14096763","weight":"2.938901"},{"user_id":"15090041","weight":"2.803901"},{"user_id":"763446","weight":"2.6318927"},{"user_id":"2311","weight":"2.6318927"},{"user_id":"10609","weight":"2.4804065"},{"user_id":"5215","weight":"2.4777508"},{"user_id":"6141832","weight":"2.4571068"},{"user_id":"7482","weight":"2.4451816"},{"user_id":"2671","weight":"2.4330127"},{"user_id":"64313","weight":"2.3251407"},{"user_id":"14210162","weight":"2.1185446"},{"user_id":"14151528","weight":"2.1160254"},{"user_id":"795649","weight":"2.0882146"},{"user_id":"1970","weight":"2.0694792"},{"user_id":"2351831","weight":"2.059017"},{"user_id":"13258","weight":"2.020644"},{"user_id":"418","weight":"2.0"},{"user_id":"11208382","weight":"1.9571068"},{"user_id":"675253","weight":"1.9057764"},{"user_id":"696593","weight":"1.868034"},{"user_id":"891011","weight":"1.809017"},{"user_id":"5702","weight":"1.8080127"},{"user_id":"14801863","weight":"1.8080127"},{"user_id":"13208","weight":"1.75"},{"user_id":"14081826","weight":"1.7071068"},{"user_id":"5982852","weight":"1.6830127"},{"user_id":"1058111","weight":"1.6035534"},{"user_id":"11222","weight":"1.6035534"},{"user_id":"57743","weight":"1.6035534"},{"user_id":"1260231","weight":"1.6035534"},{"user_id":"24041028","weight":"1.5"},{"user_id":"10365","weight":"1.5"},{"user_id":"13816072","weight":"1.5"},{"user_id":"14367669","weight":"1.5"},{"user_id":"3355001","weight":"1.5"},{"user_id":"7102242","weight":"1.4571068"},{"user_id":"772386","weight":"1.4571068"},{"user_id":"607793","weight":"1.4114379"},{"user_id":"757177","weight":"1.4114379"},{"user_id":"8963902","weight":"1.4114379"},{"user_id":"14579345","weight":"1.4114379"},{"user_id":"1586501","weight":"1.4114379"},{"user_id":"264213","weight":"1.3623724"},{"user_id":"13680","weight":"1.3623724"},{"user_id":"5949","weight":"1.3623724"},{"user_id":"6425782","weight":"1.25"},{"user_id":"17171332","weight":"1.25"},{"user_id":"10921","weight":"1.25"},{"user_id":"17277657","weight":"1.25"},{"user_id":"16700289","weight":"1.25"},{"user_id":"14412001","weight":"1.25"},{"user_id":"14468950","weight":"1.25"},{"user_id":"9347472","weight":"1.25"},{"user_id":"8273","weight":"1.25"},{"user_id":"9005362","weight":"1.25"},{"user_id":"8930872","weight":"1.25"},{"user_id":"14587429","weight":"1.25"},{"user_id":"7378152","weight":"1.25"},{"user_id":"11829312","weight":"1.2071068"},{"user_id":"15874290","weight":"1.2071068"},{"user_id":"14991108","weight":"1.1830127"},{"user_id":"4558","weight":"1.1830127"},{"user_id":"45463","weight":"1.1830127"},{"user_id":"7443022","weight":"1.1830127"},{"user_id":"12513","weight":"1.1830127"},{"user_id":"14273806","weight":"1.1830127"},{"user_id":"1071441","weight":"1.1035534"},{"user_id":"1422311","weight":"1.1035534"},{"user_id":"633","weight":"1.1035534"},{"user_id":"14363273","weight":"1.1035534"},{"user_id":"14726341","weight":"1.1035534"},{"user_id":"8295652","weight":"1.1035534"},{"user_id":"821","weight":"1.1035534"},{"user_id":"766117","weight":"1.1035534"},{"user_id":"9128622","weight":"1.0"},{"user_id":"14981863","weight":"1.0"},{"user_id":"8493","weight":"1.0"},{"user_id":"13299972","weight":"1.0"},{"user_id":"2644791","weight":"1.0"},{"user_id":"7924442","weight":"1.0"},{"user_id":"43093","weight":"1.0"},{"user_id":"1983631","weight":"1.0"},{"user_id":"962801","weight":"1.0"},{"user_id":"7535272","weight":"1.0"},{"user_id":"20175513","weight":"1.0"},{"user_id":"16037384","weight":"1.0"},{"user_id":"20173682","weight":"1.0"},{"user_id":"958241","weight":"1.0"},{"user_id":"11345012","weight":"1.0"},{"user_id":"744463","weight":"1.0"},{"user_id":"735983","weight":"1.0"},{"user_id":"687613","weight":"1.0"},{"user_id":"6583492","weight":"1.0"},{"user_id":"1668","weight":"1.0"},{"user_id":"5658","weight":"1.0"},{"user_id":"5491","weight":"1.0"},{"user_id":"19269452","weight":"1.0"},{"user_id":"3183721","weight":"1.0"},{"user_id":"19479427","weight":"1.0"}]}
2320	{"screen_name":"frankie","user_id":"2320","strong_links":[{"user_id":"18693581","weight":"1.5811388"},{"user_id":"52212535","weight":"0.75"},{"user_id":"69793361","weight":"0.75"},{"user_id":"83696219","weight":"0.70710677"},{"user_id":"132392033","weight":"0.70710677"},{"user_id":"144055355","weight":"0.70710677"},{"user_id":"28267100","weight":"0.70710677"},{"user_id":"36843605","weight":"0.70710677"},{"user_id":"74552116","weight":"0.70710677"},{"user_id":"108537510","weight":"0.5"},{"user_id":"97569996","weight":"0.5"},{"user_id":"9550252","weight":"0.5"},{"user_id":"90537561","weight":"0.5"},{"user_id":"88848908","weight":"0.5"},{"user_id":"85743450","weight":"0.5"},{"user_id":"84044788","weight":"0.5"},{"user_id":"83295631","weight":"0.5"},{"user_id":"82212377","weight":"0.5"},{"user_id":"80725092","weight":"0.5"},{"user_id":"79643302","weight":"0.5"},{"user_id":"76768505","weight":"0.5"},{"user_id":"67513746","weight":"0.5"},{"user_id":"66784338","weight":"0.5"},{"user_id":"65602926","weight":"0.5"},{"user_id":"56469023","weight":"0.5"},{"user_id":"53563767","weight":"0.5"},{"user_id":"53468350","weight":"0.5"},{"user_id":"52887341","weight":"0.5"},{"user_id":"49012485","weight":"0.5"},{"user_id":"48845826","weight":"0.5"},{"user_id":"47404108","weight":"0.5"},{"user_id":"47046378","weight":"0.5"},{"user_id":"44220949","weight":"0.5"},{"user_id":"44172742","weight":"0.5"},{"user_id":"43718644","weight":"0.5"},{"user_id":"40620793","weight":"0.5"},{"user_id":"39740612","weight":"0.5"},{"user_id":"38700405","weight":"0.5"},{"user_id":"38579996","weight":"0.5"},{"user_id":"36217437","weight":"0.5"},{"user_id":"34523657","weight":"0.5"},{"user_id":"34390484","weight":"0.5"},{"user_id":"33941338","weight":"0.5"},{"user_id":"33415057","weight":"0.5"},{"user_id":"30653351","weight":"0.5"},{"user_id":"29177195","weight":"0.5"},{"user_id":"28481943","weight":"0.5"},{"user_id":"27961827","weight":"0.5"},{"user_id":"27426028","weight":"0.5"},{"user_id":"27306484","weight":"0.5"},{"user_id":"27270941","weight":"0.5"},{"user_id":"26892157","weight":"0.5"},{"user_id":"25500382","weight":"0.5"},{"user_id":"25032428","weight":"0.5"},{"user_id":"24662838","weight":"0.5"},{"user_id":"22234351","weight":"0.5"},{"user_id":"21094293","weight":"0.5"},{"user_id":"2054641","weight":"0.5"},{"user_id":"19964948","weight":"0.5"},{"user_id":"18637670","weight":"0.5"},{"user_id":"18498575","weight":"0.5"},{"user_id":"18456470","weight":"0.5"},{"user_id":"18428757","weight":"0.5"},{"user_id":"17735570","weight":"0.5"},{"user_id":"16806307","weight":"0.5"},{"user_id":"16340966","weight":"0.5"},{"user_id":"15229922","weight":"0.5"},{"user_id":"14871283","weight":"0.5"},{"user_id":"145273534","weight":"0.5"},{"user_id":"114868938","weight":"0.5"},{"user_id":"114622866","weight":"0.5"},{"user_id":"112782919","weight":"0.5"},{"user_id":"19795820","weight":"0.25"},{"user_id":"20531729","weight":"0.25"},{"user_id":"15556267","weight":"0.0"},{"user_id":"22487125","weight":"0.0"},{"user_id":"32308130","weight":"0.0"},{"user_id":"17967174","weight":"0.0"},{"user_id":"57147937","weight":"0.0"},{"user_id":"50234794","weight":"0.0"},{"user_id":"9115252","weight":"0.0"},{"user_id":"102441049","weight":"0.0"},{"user_id":"65537633","weight":"0.0"},{"user_id":"27513425","weight":"0.0"},{"user_id":"43379790","weight":"0.0"},{"user_id":"43160630","weight":"0.0"},{"user_id":"41539560","weight":"0.0"},{"user_id":"115108027","weight":"0.0"},{"user_id":"70719445","weight":"0.0"},{"user_id":"16160205","weight":"0.0"},{"user_id":"57282023","weight":"0.0"},{"user_id":"26357716","weight":"0.0"},{"user_id":"16060433","weight":"0.0"},{"user_id":"15793786","weight":"0.0"}]}
2436	{"screen_name":"alexgoowy","user_id":"2436","strong_links":[{"user_id":"1591961","weight":"1.75"},{"user_id":"820828","weight":"1.0"},{"user_id":"5905612","weight":"1.0"},{"user_id":"691593","weight":"0.75"},{"user_id":"15029278","weight":"0.75"},{"user_id":"6011542","weight":"0.75"},{"user_id":"4107251","weight":"0.75"},{"user_id":"813286","weight":"0.75"},{"user_id":"787486","weight":"0.75"},{"user_id":"1428461","weight":"0.75"},{"user_id":"78213","weight":"0.75"},{"user_id":"12267802","weight":"0.75"},{"user_id":"14869722","weight":"0.5"},{"user_id":"19308651","weight":"0.5"},{"user_id":"19327153","weight":"0.5"},{"user_id":"19499385","weight":"0.5"},{"user_id":"1957581","weight":"0.5"},{"user_id":"19601923","weight":"0.5"},{"user_id":"10173822","weight":"0.5"},{"user_id":"19645327","weight":"0.5"},{"user_id":"20589573","weight":"0.5"},{"user_id":"1028881","weight":"0.5"},{"user_id":"10316162","weight":"0.5"},{"user_id":"10670062","weight":"0.5"},{"user_id":"2575461","weight":"0.5"},{"user_id":"2812401","weight":"0.5"},{"user_id":"10785562","weight":"0.5"},{"user_id":"10824762","weight":"0.5"},{"user_id":"10834622","weight":"0.5"},{"user_id":"10955762","weight":"0.5"},{"user_id":"3083881","weight":"0.5"},{"user_id":"1117471","weight":"0.5"},{"user_id":"11332012","weight":"0.5"},{"user_id":"3761241","weight":"0.5"},{"user_id":"11725892","weight":"0.5"},{"user_id":"11727162","weight":"0.5"},{"user_id":"3840","weight":"0.5"},{"user_id":"3855911","weight":"0.5"},{"user_id":"11857592","weight":"0.5"},{"user_id":"3872951","weight":"0.5"},{"user_id":"4278151","weight":"0.5"},{"user_id":"11896292","weight":"0.5"},{"user_id":"11999442","weight":"0.5"},{"user_id":"4513781","weight":"0.5"},{"user_id":"4796901","weight":"0.5"},{"user_id":"5503972","weight":"0.5"},{"user_id":"5533442","weight":"0.5"},{"user_id":"12143142","weight":"0.5"},{"user_id":"14884370","weight":"0.5"},{"user_id":"12305","weight":"0.5"},{"user_id":"14889491","weight":"0.5"},{"user_id":"14900453","weight":"0.5"},{"user_id":"12322","weight":"0.5"},{"user_id":"12414642","weight":"0.5"},{"user_id":"14905612","weight":"0.5"},{"user_id":"14911631","weight":"0.5"},{"user_id":"14912625","weight":"0.5"},{"user_id":"14981139","weight":"0.5"},{"user_id":"14986311","weight":"0.5"},{"user_id":"15006926","weight":"0.5"},{"user_id":"15007094","weight":"0.5"},{"user_id":"15035340","weight":"0.5"},{"user_id":"15041356","weight":"0.5"},{"user_id":"15043809","weight":"0.5"},{"user_id":"15066254","weight":"0.5"},{"user_id":"15076229","weight":"0.5"},{"user_id":"15103784","weight":"0.5"},{"user_id":"15105866","weight":"0.5"},{"user_id":"14488982","weight":"0.5"},{"user_id":"14491031","weight":"0.5"},{"user_id":"5574862","weight":"0.5"},{"user_id":"5840792","weight":"0.5"},{"user_id":"14494528","weight":"0.5"},{"user_id":"14513239","weight":"0.5"},{"user_id":"14521445","weight":"0.5"},{"user_id":"14525049","weight":"0.5"},{"user_id":"13758852","weight":"0.5"},{"user_id":"13250","weight":"0.5"},{"user_id":"15146236","weight":"0.5"},{"user_id":"15147376","weight":"0.5"},{"user_id":"15201575","weight":"0.5"},{"user_id":"15266076","weight":"0.5"},{"user_id":"15279916","weight":"0.5"},{"user_id":"15306489","weight":"0.5"},{"user_id":"609023","weight":"0.5"},{"user_id":"6223192","weight":"0.5"},{"user_id":"6348752","weight":"0.5"},{"user_id":"638083","weight":"0.5"},{"user_id":"6545932","weight":"0.5"},{"user_id":"6700672","weight":"0.5"},{"user_id":"7080712","weight":"0.5"},{"user_id":"7163912","weight":"0.5"},{"user_id":"15319503","weight":"0.5"},{"user_id":"15322316","weight":"0.5"},{"user_id":"15328482","weight":"0.5"},{"user_id":"15383647","weight":"0.5"},{"user_id":"15399101","weight":"0.5"},{"user_id":"15438161","weight":"0.5"},{"user_id":"15488153","weight":"0.5"},{"user_id":"15494944","weight":"0.5"}]}
2494	{"screen_name":"robhayes","user_id":"2494","strong_links":[{"user_id":"6160742","weight":"3.8283818"},{"user_id":"6645712","weight":"3.5919247"},{"user_id":"4557111","weight":"3.4967453"},{"user_id":"2495","weight":"3.4743006"},{"user_id":"6664","weight":"3.1123724"},{"user_id":"295","weight":"3.0416472"},{"user_id":"819999","weight":"2.9743822"},{"user_id":"3980","weight":"2.9406707"},{"user_id":"768632","weight":"2.761311"},{"user_id":"3754891","weight":"2.749909"},{"user_id":"1970","weight":"2.6160254"},{"user_id":"15870311","weight":"2.482051"},{"user_id":"607","weight":"2.375"},{"user_id":"257","weight":"2.2215874"},{"user_id":"1081","weight":"2.1642137"},{"user_id":"2372","weight":"2.1463554"},{"user_id":"5814","weight":"2.1411238"},{"user_id":"14572012","weight":"2.1160254"},{"user_id":"997","weight":"2.1035533"},{"user_id":"19296094","weight":"2.0510466"},{"user_id":"14067452","weight":"1.9571068"},{"user_id":"14857438","weight":"1.8901194"},{"user_id":"4234581","weight":"1.875"},{"user_id":"1475291","weight":"1.875"},{"user_id":"649","weight":"1.8660254"},{"user_id":"8095292","weight":"1.8660254"},{"user_id":"586","weight":"1.8321068"},{"user_id":"5737632","weight":"1.8106601"},{"user_id":"992151","weight":"1.809017"},{"user_id":"14053570","weight":"1.75"},{"user_id":"5520332","weight":"1.75"},{"user_id":"1784841","weight":"1.75"},{"user_id":"1000591","weight":"1.75"},{"user_id":"11848","weight":"1.75"},{"user_id":"2730791","weight":"1.75"},{"user_id":"9992572","weight":"1.7195787"},{"user_id":"15519999","weight":"1.7071068"},{"user_id":"2505","weight":"1.7071068"},{"user_id":"15818962","weight":"1.7071068"},{"user_id":"14385720","weight":"1.6830127"},{"user_id":"324","weight":"1.6655694"},{"user_id":"1308741","weight":"1.625"},{"user_id":"5469512","weight":"1.6160254"},{"user_id":"1623","weight":"1.6160254"},{"user_id":"12217","weight":"1.6035534"},{"user_id":"2672","weight":"1.6035534"},{"user_id":"13839772","weight":"1.6035534"},{"user_id":"2010","weight":"1.5821068"},{"user_id":"3083261","weight":"1.5606601"},{"user_id":"6875072","weight":"1.5"},{"user_id":"15934340","weight":"1.5"},{"user_id":"10277122","weight":"1.5"},{"user_id":"817209","weight":"1.5"},{"user_id":"12400","weight":"1.5"},{"user_id":"6611482","weight":"1.5"},{"user_id":"841791","weight":"1.5"},{"user_id":"15307727","weight":"1.4857937"},{"user_id":"15507115","weight":"1.4571068"},{"user_id":"23099894","weight":"1.4571068"},{"user_id":"14474225","weight":"1.4571068"},{"user_id":"12696","weight":"1.4571068"},{"user_id":"7905802","weight":"1.4571068"},{"user_id":"1257541","weight":"1.4571068"},{"user_id":"4030","weight":"1.375"},{"user_id":"30211331","weight":"1.3660254"},{"user_id":"2900981","weight":"1.3623724"},{"user_id":"6343","weight":"1.3623724"},{"user_id":"11620792","weight":"1.3321068"},{"user_id":"6894212","weight":"1.2803301"},{"user_id":"16866815","weight":"1.25"},{"user_id":"15910109","weight":"1.25"},{"user_id":"9110052","weight":"1.25"},{"user_id":"23446328","weight":"1.25"},{"user_id":"24749483","weight":"1.25"},{"user_id":"9823482","weight":"1.25"},{"user_id":"58997244","weight":"1.25"},{"user_id":"14463563","weight":"1.25"},{"user_id":"19737472","weight":"1.25"},{"user_id":"5988412","weight":"1.25"},{"user_id":"18837053","weight":"1.25"},{"user_id":"7127802","weight":"1.25"},{"user_id":"7589582","weight":"1.25"},{"user_id":"6267962","weight":"1.25"},{"user_id":"15654753","weight":"1.25"},{"user_id":"10253572","weight":"1.25"},{"user_id":"15211518","weight":"1.25"},{"user_id":"18258685","weight":"1.25"},{"user_id":"40014904","weight":"1.25"},{"user_id":"4067841","weight":"1.25"},{"user_id":"41386873","weight":"1.25"},{"user_id":"20567040","weight":"1.25"},{"user_id":"1137701","weight":"1.25"},{"user_id":"1140801","weight":"1.25"},{"user_id":"29139061","weight":"1.25"},{"user_id":"14097030","weight":"1.25"},{"user_id":"1985391","weight":"1.25"},{"user_id":"814253","weight":"1.25"},{"user_id":"5017","weight":"1.25"},{"user_id":"5020581","weight":"1.25"},{"user_id":"13737","weight":"1.25"}]}
2610	{"screen_name":"daimengrui","user_id":"2610","strong_links":[{"user_id":"20132014","weight":"1.5"},{"user_id":"64131338","weight":"1.0"},{"user_id":"26400935","weight":"0.8535534"},{"user_id":"17330276","weight":"0.75"},{"user_id":"23509530","weight":"0.75"},{"user_id":"10316422","weight":"0.5"},{"user_id":"79674970","weight":"0.5"},{"user_id":"79178122","weight":"0.5"},{"user_id":"67923543","weight":"0.5"},{"user_id":"63913036","weight":"0.5"},{"user_id":"55951776","weight":"0.5"},{"user_id":"47530816","weight":"0.5"},{"user_id":"38722565","weight":"0.5"},{"user_id":"37623544","weight":"0.5"},{"user_id":"32850008","weight":"0.5"},{"user_id":"32837471","weight":"0.5"},{"user_id":"32617396","weight":"0.5"},{"user_id":"27677985","weight":"0.5"},{"user_id":"24782409","weight":"0.5"},{"user_id":"21983769","weight":"0.5"},{"user_id":"20934736","weight":"0.5"},{"user_id":"20589573","weight":"0.5"},{"user_id":"20279665","weight":"0.5"},{"user_id":"20211803","weight":"0.5"},{"user_id":"15438784","weight":"0.5"},{"user_id":"122278704","weight":"0.5"},{"user_id":"120784671","weight":"0.5"},{"user_id":"109890897","weight":"0.5"},{"user_id":"14230524","weight":"0.375"},{"user_id":"118552439","weight":"0.35355338"},{"user_id":"20426535","weight":"0.25"},{"user_id":"72325005","weight":"0.25"},{"user_id":"69209858","weight":"0.25"}]}
2784	{"screen_name":"joe_edelman","user_id":"2784","strong_links":[{"user_id":"29767444","weight":"2.6160254"},{"user_id":"12212","weight":"2.2990382"},{"user_id":"648","weight":"2.0580127"},{"user_id":"22483","weight":"1.9695787"},{"user_id":"6279922","weight":"1.9695787"},{"user_id":"10178","weight":"1.9571068"},{"user_id":"16476506","weight":"1.8106601"},{"user_id":"15780418","weight":"1.5"},{"user_id":"14375609","weight":"1.5"},{"user_id":"15921173","weight":"1.4571068"},{"user_id":"46909164","weight":"1.4571068"},{"user_id":"13046","weight":"1.25"},{"user_id":"13412712","weight":"1.25"},{"user_id":"15562569","weight":"1.25"},{"user_id":"11517882","weight":"1.25"},{"user_id":"15247598","weight":"1.25"},{"user_id":"5428712","weight":"1.25"},{"user_id":"6325632","weight":"1.25"},{"user_id":"21514744","weight":"1.25"},{"user_id":"35906615","weight":"1.125"},{"user_id":"681813","weight":"1.1035534"},{"user_id":"14430897","weight":"1.0"},{"user_id":"23087410","weight":"1.0"},{"user_id":"713263","weight":"1.0"},{"user_id":"15595875","weight":"1.0"},{"user_id":"8270202","weight":"1.0"},{"user_id":"14526946","weight":"1.0"},{"user_id":"15354397","weight":"1.0"},{"user_id":"142457898","weight":"1.0"},{"user_id":"13255722","weight":"1.0"},{"user_id":"5813712","weight":"1.0"},{"user_id":"759287","weight":"1.0"},{"user_id":"14255481","weight":"0.875"},{"user_id":"962801","weight":"0.75"},{"user_id":"9471912","weight":"0.75"},{"user_id":"15313622","weight":"0.75"},{"user_id":"9369922","weight":"0.75"},{"user_id":"15346359","weight":"0.75"},{"user_id":"9334542","weight":"0.75"},{"user_id":"921","weight":"0.75"},{"user_id":"9180632","weight":"0.75"},{"user_id":"9095022","weight":"0.75"},{"user_id":"9013032","weight":"0.75"},{"user_id":"8905082","weight":"0.75"},{"user_id":"888751","weight":"0.75"},{"user_id":"8881132","weight":"0.75"},{"user_id":"15423848","weight":"0.75"},{"user_id":"818340","weight":"0.75"},{"user_id":"813286","weight":"0.75"},{"user_id":"812567","weight":"0.75"},{"user_id":"809512","weight":"0.75"},{"user_id":"806689","weight":"0.75"},{"user_id":"804204","weight":"0.75"},{"user_id":"7936932","weight":"0.75"},{"user_id":"793130","weight":"0.75"},{"user_id":"15494387","weight":"0.75"},{"user_id":"15547249","weight":"0.75"},{"user_id":"15571556","weight":"0.75"},{"user_id":"15815468","weight":"0.75"},{"user_id":"16248757","weight":"0.75"},{"user_id":"16318484","weight":"0.75"},{"user_id":"16369948","weight":"0.75"},{"user_id":"16403194","weight":"0.75"},{"user_id":"16414407","weight":"0.75"},{"user_id":"16506355","weight":"0.75"},{"user_id":"16553374","weight":"0.75"},{"user_id":"16652676","weight":"0.75"},{"user_id":"17033391","weight":"0.75"},{"user_id":"17093617","weight":"0.75"},{"user_id":"17194296","weight":"0.75"},{"user_id":"1735621","weight":"0.75"},{"user_id":"17378252","weight":"0.75"},{"user_id":"17416639","weight":"0.75"},{"user_id":"17562763","weight":"0.75"},{"user_id":"17573212","weight":"0.75"},{"user_id":"17667178","weight":"0.75"},{"user_id":"17731481","weight":"0.75"},{"user_id":"17824433","weight":"0.75"},{"user_id":"17830958","weight":"0.75"},{"user_id":"17854138","weight":"0.75"},{"user_id":"17875378","weight":"0.75"},{"user_id":"17885878","weight":"0.75"},{"user_id":"18096662","weight":"0.75"},{"user_id":"18349067","weight":"0.75"},{"user_id":"18566974","weight":"0.75"},{"user_id":"18713","weight":"0.75"},{"user_id":"18792826","weight":"0.75"},{"user_id":"19355576","weight":"0.75"},{"user_id":"19396477","weight":"0.75"},{"user_id":"19557049","weight":"0.75"},{"user_id":"19778023","weight":"0.75"},{"user_id":"20019397","weight":"0.75"},{"user_id":"20683507","weight":"0.75"},{"user_id":"20786010","weight":"0.75"},{"user_id":"2080441","weight":"0.75"},{"user_id":"20891127","weight":"0.75"},{"user_id":"2151601","weight":"0.75"},{"user_id":"22099736","weight":"0.75"},{"user_id":"2218541","weight":"0.75"},{"user_id":"22187254","weight":"0.75"}]}
2900	{"screen_name":"jeffisageek","user_id":"2900","strong_links":[{"user_id":"14257071","weight":"21.099276"},{"user_id":"2900","weight":"14.166408"},{"user_id":"25922251","weight":"13.737684"},{"user_id":"15400651","weight":"11.412928"},{"user_id":"16014809","weight":"10.574548"},{"user_id":"8166312","weight":"8.901724"},{"user_id":"773841","weight":"8.862673"},{"user_id":"15640813","weight":"8.180977"},{"user_id":"14182589","weight":"7.9452834"},{"user_id":"20827510","weight":"7.7318044"},{"user_id":"39591884","weight":"7.6956077"},{"user_id":"802492","weight":"7.4383616"},{"user_id":"15080701","weight":"7.191553"},{"user_id":"1584901","weight":"7.157335"},{"user_id":"8900672","weight":"6.9052124"},{"user_id":"14873524","weight":"6.873588"},{"user_id":"14550406","weight":"6.7979903"},{"user_id":"17134640","weight":"6.788371"},{"user_id":"91438534","weight":"6.765481"},{"user_id":"874","weight":"6.699493"},{"user_id":"12285702","weight":"6.365875"},{"user_id":"5449422","weight":"6.2769446"},{"user_id":"8932082","weight":"6.0857644"},{"user_id":"71284640","weight":"6.04701"},{"user_id":"24906998","weight":"6.0400186"},{"user_id":"15031806","weight":"6.025579"},{"user_id":"683113","weight":"5.9211826"},{"user_id":"7508062","weight":"5.829862"},{"user_id":"14052999","weight":"5.8102427"},{"user_id":"9457522","weight":"5.7560806"},{"user_id":"14243836","weight":"5.700082"},{"user_id":"1974","weight":"5.557646"},{"user_id":"39905978","weight":"5.514938"},{"user_id":"18682277","weight":"5.50194"},{"user_id":"11009742","weight":"5.4902534"},{"user_id":"7531732","weight":"5.4794855"},{"user_id":"20827629","weight":"5.4524593"},{"user_id":"12464672","weight":"5.3961205"},{"user_id":"1912101","weight":"5.3422565"},{"user_id":"776254","weight":"5.332515"},{"user_id":"6164822","weight":"5.3269625"},{"user_id":"6878412","weight":"5.226725"},{"user_id":"3827771","weight":"5.057758"},{"user_id":"14484480","weight":"5.0271664"},{"user_id":"61266922","weight":"5.005075"},{"user_id":"57515861","weight":"4.8885098"},{"user_id":"11776682","weight":"4.857157"},{"user_id":"30586450","weight":"4.844332"},{"user_id":"14982638","weight":"4.8384666"},{"user_id":"14402758","weight":"4.7388105"},{"user_id":"648403","weight":"4.7004457"},{"user_id":"14401676","weight":"4.6619534"},{"user_id":"17219256","weight":"4.6609654"},{"user_id":"15816459","weight":"4.610767"},{"user_id":"21505220","weight":"4.602595"},{"user_id":"15842919","weight":"4.5881777"},{"user_id":"16031635","weight":"4.509187"},{"user_id":"24788399","weight":"4.492838"},{"user_id":"14061723","weight":"4.471531"},{"user_id":"23142308","weight":"4.402563"},{"user_id":"14063033","weight":"4.388857"},{"user_id":"14352677","weight":"4.3668466"},{"user_id":"5781242","weight":"4.366014"},{"user_id":"14919650","weight":"4.350398"},{"user_id":"15338697","weight":"4.32231"},{"user_id":"58499500","weight":"4.245275"},{"user_id":"7341752","weight":"4.2420297"},{"user_id":"15768141","weight":"4.230205"},{"user_id":"1882641","weight":"4.225815"},{"user_id":"626043","weight":"4.213242"},{"user_id":"12244042","weight":"4.1808963"},{"user_id":"7741952","weight":"4.1602106"},{"user_id":"65711257","weight":"4.141124"},{"user_id":"14701586","weight":"4.1121593"},{"user_id":"17088636","weight":"4.0912833"},{"user_id":"15012246","weight":"4.053338"},{"user_id":"12454882","weight":"4.031623"},{"user_id":"20316240","weight":"3.9790914"},{"user_id":"9431472","weight":"3.933881"},{"user_id":"6819192","weight":"3.9122777"},{"user_id":"15441577","weight":"3.8699465"},{"user_id":"9489212","weight":"3.867765"},{"user_id":"781730","weight":"3.8521569"},{"user_id":"14926117","weight":"3.8429906"},{"user_id":"18815763","weight":"3.830217"},{"user_id":"14337876","weight":"3.828427"},{"user_id":"9193662","weight":"3.8244898"},{"user_id":"14436613","weight":"3.8048532"},{"user_id":"5695942","weight":"3.8003218"},{"user_id":"44650732","weight":"3.795435"},{"user_id":"18336277","weight":"3.7768614"},{"user_id":"25283722","weight":"3.772226"},{"user_id":"15035834","weight":"3.7266726"},{"user_id":"14740006","weight":"3.685479"},{"user_id":"7129862","weight":"3.6613982"},{"user_id":"18358223","weight":"3.6578007"},{"user_id":"14344996","weight":"3.6435573"},{"user_id":"16991156","weight":"3.6123724"},{"user_id":"34941548","weight":"3.5821068"},{"user_id":"14228300","weight":"3.579783"}]}
2958	{"screen_name":"ryan2","user_id":"2958","strong_links":[{"user_id":"2746","weight":"0.75"},{"user_id":"19832801","weight":"0.5"}]}
3016	{"screen_name":"akarthiks","user_id":"3016","strong_links":[{"user_id":"17599138","weight":"1.0"},{"user_id":"100312315","weight":"0.75"},{"user_id":"11844232","weight":"0.75"},{"user_id":"18956703","weight":"0.75"},{"user_id":"14175616","weight":"0.75"},{"user_id":"14417153","weight":"0.75"},{"user_id":"44927119","weight":"0.75"},{"user_id":"15093629","weight":"0.75"},{"user_id":"60855418","weight":"0.75"},{"user_id":"79924840","weight":"0.75"},{"user_id":"17485879","weight":"0.75"},{"user_id":"9989732","weight":"0.75"},{"user_id":"45142530","weight":"0.75"},{"user_id":"109890897","weight":"0.5"},{"user_id":"111823154","weight":"0.5"},{"user_id":"7422652","weight":"0.5"},{"user_id":"30011752","weight":"0.5"},{"user_id":"113416593","weight":"0.5"},{"user_id":"25172266","weight":"0.5"},{"user_id":"24705126","weight":"0.5"},{"user_id":"23061619","weight":"0.5"},{"user_id":"66636546","weight":"0.5"},{"user_id":"63752206","weight":"0.5"},{"user_id":"87170183","weight":"0.5"},{"user_id":"19733241","weight":"0.5"},{"user_id":"19642916","weight":"0.5"},{"user_id":"19482153","weight":"0.5"},{"user_id":"120064491","weight":"0.5"},{"user_id":"120485008","weight":"0.5"},{"user_id":"120513747","weight":"0.5"},{"user_id":"120600282","weight":"0.5"},{"user_id":"120784671","weight":"0.5"},{"user_id":"121772920","weight":"0.5"},{"user_id":"121953362","weight":"0.5"},{"user_id":"123034578","weight":"0.5"},{"user_id":"123301310","weight":"0.5"},{"user_id":"14131521","weight":"0.5"},{"user_id":"14929675","weight":"0.5"},{"user_id":"16144320","weight":"0.5"},{"user_id":"18003646","weight":"0.5"},{"user_id":"18481577","weight":"0.5"},{"user_id":"18491163","weight":"0.5"},{"user_id":"18550491","weight":"0.5"},{"user_id":"19018183","weight":"0.5"},{"user_id":"19288077","weight":"0.5"},{"user_id":"104211192","weight":"0.5"},{"user_id":"86779745","weight":"0.5"},{"user_id":"98345969","weight":"0.5"},{"user_id":"43568964","weight":"0.5"},{"user_id":"59487523","weight":"0.5"},{"user_id":"8453452","weight":"0.5"},{"user_id":"41047173","weight":"0.5"},{"user_id":"83822195","weight":"0.5"},{"user_id":"39718326","weight":"0.5"},{"user_id":"39495487","weight":"0.5"},{"user_id":"124773686","weight":"0.5"},{"user_id":"101311381","weight":"0.25"},{"user_id":"97865628","weight":"0.25"},{"user_id":"95731075","weight":"0.25"},{"user_id":"9404762","weight":"0.25"},{"user_id":"93957809","weight":"0.25"},{"user_id":"8805142","weight":"0.25"},{"user_id":"86254626","weight":"0.25"},{"user_id":"8161232","weight":"0.25"},{"user_id":"80053820","weight":"0.25"},{"user_id":"797206","weight":"0.25"},{"user_id":"70179948","weight":"0.25"},{"user_id":"6463042","weight":"0.25"},{"user_id":"63428603","weight":"0.25"},{"user_id":"62762183","weight":"0.25"},{"user_id":"5988062","weight":"0.25"},{"user_id":"59157393","weight":"0.25"},{"user_id":"58173133","weight":"0.25"},{"user_id":"57947109","weight":"0.25"},{"user_id":"57928790","weight":"0.25"},{"user_id":"5688592","weight":"0.25"},{"user_id":"56312411","weight":"0.25"},{"user_id":"55520719","weight":"0.25"},{"user_id":"52339151","weight":"0.25"},{"user_id":"52171246","weight":"0.25"},{"user_id":"50393960","weight":"0.25"},{"user_id":"46821105","weight":"0.25"},{"user_id":"46628494","weight":"0.25"},{"user_id":"44588485","weight":"0.25"},{"user_id":"44317593","weight":"0.25"},{"user_id":"44070443","weight":"0.25"},{"user_id":"42226885","weight":"0.25"},{"user_id":"41558590","weight":"0.25"},{"user_id":"39874813","weight":"0.25"},{"user_id":"37629039","weight":"0.25"},{"user_id":"36412963","weight":"0.25"},{"user_id":"34197952","weight":"0.25"},{"user_id":"32008199","weight":"0.25"},{"user_id":"3160","weight":"0.25"},{"user_id":"27602673","weight":"0.25"},{"user_id":"22107532","weight":"0.25"},{"user_id":"21551205","weight":"0.25"},{"user_id":"20458316","weight":"0.25"},{"user_id":"19929890","weight":"0.25"},{"user_id":"19895716","weight":"0.25"}]}
3190	{"user_id":"3190","strong_links":[{"user_id":"6546872","weight":"0.0"},{"user_id":"15363160","weight":"0.0"},{"user_id":"17741242","weight":"0.0"}]}
