:id,  :screen_name, :created_at, :statuses_count,
                                                :followers_count, :friends_count, :favourites_count, :protected )
1000000001	jerry   	20060101080808	18	6	6	0
1000000002	costanza81	20060101080812	5	14	0	0
1000000003	elaine  	20060101080600	8		28	0
1000000004	puddy   	20080401080808	7	
1000000005	bania    	20080402080808	7	
1000000006	bob_sacamano	20080403080808
1000000007	original_kramer	20080404080808
1000000008	newman    	20080405080808
1000000009	lomez   	20080411080808
1000000010	man_hands	20080422080808
1000000011	fusilli_jerry	20080501080808
1000000012	bubble_boy	20080601080808
1000000013	jpeterman	20080601080808
1000000014	jpetermanco	20080601080908
1000000015	UNCLE_LEO	20080601080808
1000000016	serenity_now	20080601080808
1000000017	JackieChilesEsq	20080601080808
1000000018	mulva   	20080601080808
1000000019	babubhatt	20080812080808
1000000020	marla   	20080801080808
10000000	ESTELLECOSTNAZA	20080908080808
10000000	semischke	20080601080808
10000000	bigstein	20080601080808
10000000	superman	20080601080808
10000000	ArtVandelay	20060101080812	5	14	0	0
10000000	HJPennypacker	20080601080808
10000000	KelVarnsen	20080601080808
10000000	vannostrandmd	20080601080808
10000000		20080601080808

jerry   	costanza87
jerry   	elaine
jerry		puddy
jerry   	bob_sacamano
jerry   	original_kramer
jerry   	ESTELLECOSTNAZA
jerry   	superman
jerry   	dccomics
jerry   	shake_shack
costanza87	jerry
costanza87	elaine
costanza87	puddy   	
costanza87			
costanza87	bob_sacamano	
costanza87	original_kramer	
costanza87	newman    	
costanza87	close_talker	
costanza87	man_hands	
costanza87  	fusilli_jerry	
elaine
puddy   	jerry
puddy   	original_kramer
puddy   	nyrangers
puddy   	
puddy   	
puddy   	
		
bob_sacamano	
original_kramer	
newman    	
close_talker	
man_hands	
fusilli_jerry	jerry
fusilli_jerry	original_kramer
fusilli_jerry	(comedianguy)
bubble_boy	jerry
bubble_boy	costanza87
		
		
		
		
		
		
		
		
ESTELLECOSTNAZA	
